Algorithm,Total Time,Convergence Time,Pruned Sum,Original Pruned Sum,Improvement %,Relative Error,History,Tetris Index,Layer
Sort Columns,0.0013031251728534698,0.0013031251728534698,12747.80859375,14945.65625,14.705594853019585,1.9863861641078977,"[(0.0, 14945.65625), (0.0013031251728534698, 12747.80859375)]",,model.layers.0.self_attn.q_proj
Original Tetris,0.05296032875776291,0.046074955724179745,14250.3662109375,14945.65625,4.652121174421498,0.03657648146273749,"[(0.0, 14945.65625), (0.03628405602648854, 14682.744140625), (0.04316544905304909, 14270.673828125), (0.04462145967409015, 14250.681640625), (0.046074955724179745, 14250.3662109375)]",,model.layers.0.self_attn.q_proj
Random Swaps,0.034452570136636496,0.0,12747.80859375,12747.80859375,0.0,1.9863861641078977,"[(0.0, 12747.80859375)]",,model.layers.0.self_attn.q_proj
Our Tetris,0.2378334910608828,0.23775841016322374,14062.998046875,14945.65625,5.905784184786132,1.0739195692370345,"[(0.0, 14945.65625), (0.006104461848735809, 14707.0947265625), (0.01010526204481721, 14225.8193359375), (0.014043552801012993, 14210.33984375), (0.018432748038321733, 14210.291015625), (0.022421185858547688, 14210.2802734375), (0.026221885811537504, 14209.98046875), (0.02991726389154792, 14209.953125), (0.034212591126561165, 14209.92578125), (0.03797767078503966, 14209.923828125), (0.04168673790991306, 14209.90625), (0.04170873900875449, 14209.90625), (0.06104860408231616, 14153.8427734375), (0.1199563187547028, 14142.2001953125), (0.13918995391577482, 14128.830078125), (0.23775841016322374, 14062.998046875)]",11.0,model.layers.0.self_attn.q_proj
Sort Columns,0.0010521109215915203,0.0010521109215915203,5803.431640625,6930.759765625,16.265577846043552,2.006289290393649,"[(0.0, 6930.759765625), (0.0010521109215915203, 5803.431640625)]",,model.layers.0.self_attn.k_proj
Original Tetris,0.0653178091160953,0.06097652669996023,6413.421875,6930.759765625,7.464374875477272,0.05453854409882815,"[(0.0, 6930.759765625), (0.04563459800556302, 6724.1318359375), (0.05250174179673195, 6454.44140625), (0.055267792660743, 6434.11376953125), (0.05743263801559806, 6427.068359375), (0.059627654030919075, 6413.7998046875), (0.06097652669996023, 6413.421875)]",,model.layers.0.self_attn.k_proj
Random Swaps,0.03434089198708534,0.0,5803.431640625,5803.431640625,0.0,2.006289290393649,"[(0.0, 5803.431640625)]",,model.layers.0.self_attn.k_proj
Our Tetris,0.24476621905341744,0.18349006585776806,6307.5576171875,6930.759765625,8.99183018185743,1.2251159944876817,"[(0.0, 6930.759765625), (0.0067334650084376335, 6754.81884765625), (0.010992333758622408, 6426.9853515625), (0.014994809869676828, 6394.1455078125), (0.01888099778443575, 6384.373046875), (0.023225773591548204, 6374.9580078125), (0.02726910775527358, 6374.15576171875), (0.03109578974545002, 6373.9892578125), (0.03487253375351429, 6373.9580078125), (0.03917540377005935, 6373.9345703125), (0.04300445970147848, 6373.90380859375), (0.04303023172542453, 6373.90380859375), (0.062867586966604, 6361.04345703125), (0.0825972449965775, 6353.5859375), (0.14250720292329788, 6337.0234375), (0.18349006585776806, 6307.5576171875)]",11.0,model.layers.0.self_attn.k_proj
Sort Columns,0.001138855703175068,0.001138855703175068,785.484619140625,884.5126953125,11.195777821695165,1.9934515478188222,"[(0.0, 884.5126953125), (0.001138855703175068, 785.484619140625)]",,model.layers.0.self_attn.v_proj
Original Tetris,0.049513173289597034,0.04293496673926711,849.37548828125,884.5126953125,3.9724932403413336,0.04091148672215083,"[(0.0, 884.5126953125), (0.03433774784207344, 873.7527465820312), (0.040203557815402746, 852.5281372070312), (0.041926437988877296, 849.4749755859375), (0.04293496673926711, 849.37548828125)]",,model.layers.0.self_attn.v_proj
Random Swaps,0.03539474820718169,0.0,785.484619140625,785.484619140625,0.0,1.9934515478188222,"[(0.0, 785.484619140625)]",,model.layers.0.self_attn.v_proj
Our Tetris,0.23778683692216873,0.12006674101576209,838.447998046875,884.5126953125,5.207918157619011,1.0919175220732795,"[(0.0, 884.5126953125), (0.005513173993676901, 876.671142578125), (0.009551269933581352, 847.7055053710938), (0.013503808062523603, 843.0865478515625), (0.01764946198090911, 842.6640014648438), (0.021449394058436155, 842.5054931640625), (0.041269568260759115, 842.5054931640625), (0.0607199938967824, 839.431640625), (0.09984161891043186, 838.535888671875), (0.12006674101576209, 838.447998046875)]",6.0,model.layers.0.self_attn.v_proj
Sort Columns,0.0011399718932807446,0.0011399718932807446,3851.38232421875,3916.25146484375,1.6564089718786263,2.001446628397517,"[(0.0, 3916.25146484375), (0.0011399718932807446, 3851.38232421875)]",,model.layers.0.self_attn.o_proj
Original Tetris,0.011870117858052254,0.0,3916.25146484375,3916.25146484375,0.0,0.0,"[(0.0, 3916.25146484375)]",,model.layers.0.self_attn.o_proj
Random Swaps,0.03558947006240487,0.0,3851.38232421875,3851.38232421875,0.0,2.001446628397517,"[(0.0, 3851.38232421875)]",,model.layers.0.self_attn.o_proj
Our Tetris,0.23250889172777534,0.0,3916.25146484375,3916.25146484375,0.0,0.9207589867399246,"[(0.0, 3916.25146484375), (0.03870829567313194, 3916.25146484375)]",1.0,model.layers.0.self_attn.o_proj
Sort Columns,0.0011533820070326328,0.0011533820070326328,37072.3984375,37194.34375,0.3278598308378542,1.999357072802004,"[(0.0, 37194.34375), (0.0011533820070326328, 37072.3984375)]",,model.layers.0.mlp.gate_proj
Original Tetris,0.012177285738289356,0.0,37194.34375,37194.34375,0.0,0.0,"[(0.0, 37194.34375)]",,model.layers.0.mlp.gate_proj
Random Swaps,0.03500418830662966,0.03152616089209914,37032.859375,37072.3984375,0.10665364035364079,1.9944138983404458,"[(0.0, 37072.3984375), (0.0039070709608495235, 37065.328125), (0.007698901928961277, 37063.05078125), (0.017614610958844423, 37042.8125), (0.03152616089209914, 37032.859375)]",,model.layers.0.mlp.gate_proj
Our Tetris,0.23342934995889664,0.15575140621513128,37171.2734375,37194.34375,0.06202640018349564,1.18495610639305,"[(0.0, 37194.34375), (0.03950184816494584, 37194.34375), (0.05874644825235009, 37182.26953125), (0.1358092869631946, 37179.890625), (0.15575140621513128, 37171.2734375)]",1.0,model.layers.0.mlp.gate_proj
Sort Columns,0.0015312321484088898,0.0015312321484088898,37843.23046875,38012.81640625,0.4461283154807676,1.9970756042743223,"[(0.0, 38012.81640625), (0.0015312321484088898, 37843.23046875)]",,model.layers.0.mlp.up_proj
Original Tetris,3.686469091102481,0.0,38012.81640625,38012.81640625,0.0,0.0,"[(0.0, 38012.81640625)]",,model.layers.0.mlp.up_proj
Random Swaps,0.034960885997861624,0.017318827100098133,37834.2421875,37843.23046875,0.023751358271124075,1.9976195225861522,"[(0.0, 37843.23046875), (0.004048362839967012, 37840.171875), (0.017318827100098133, 37834.2421875)]",,model.layers.0.mlp.up_proj
Our Tetris,0.23470656294375658,0.17541275825351477,37994.13671875,38012.81640625,0.049140498563344334,1.1430439612885497,"[(0.0, 38012.81640625), (0.038749154191464186, 38012.81640625), (0.05829407786950469, 38011.09375), (0.13620690209791064, 38002.5390625), (0.17541275825351477, 37994.13671875)]",1.0,model.layers.0.mlp.up_proj
Sort Columns,0.0011556176468729973,0.0011556176468729973,35951.91015625,36210.58203125,0.7143543696060015,1.9989005293840139,"[(0.0, 36210.58203125), (0.0011556176468729973, 35951.91015625)]",,model.layers.0.mlp.down_proj
Original Tetris,0.012726390268653631,0.0,36210.58203125,36210.58203125,0.0,0.0,"[(0.0, 36210.58203125)]",,model.layers.0.mlp.down_proj
Random Swaps,0.08427542634308338,0.03367466200143099,35949.8671875,35951.91015625,0.005682504048105059,1.997922308130038,"[(0.0, 35951.91015625), (0.03367466200143099, 35949.8671875)]",,model.layers.0.mlp.down_proj
Our Tetris,2.1749536469578743,2.1748801707290113,36183.234375,36210.58203125,0.07552393448522525,1.0883337965130495,"[(0.0, 36210.58203125), (0.3598697269335389, 36210.58203125), (0.5400750217959285, 36201.3203125), (0.9031332777813077, 36200.6953125), (1.0854782038368285, 36200.01171875), (1.27084403578192, 36190.47265625), (1.6352374060079455, 36189.44921875), (1.8146995739080012, 36189.05078125), (1.9948817510157824, 36186.3984375), (2.1748801707290113, 36183.234375)]",1.0,model.layers.0.mlp.down_proj
Sort Columns,0.0011227917857468128,0.0011227917857468128,17587.59375,17850.73046875,1.4740949632882232,1.9946879100494745,"[(0.0, 17850.73046875), (0.0011227917857468128, 17587.59375)]",,model.layers.1.self_attn.q_proj
Original Tetris,0.011520484928041697,0.0,17850.73046875,17850.73046875,0.0,0.0,"[(0.0, 17850.73046875)]",,model.layers.1.self_attn.q_proj
Random Swaps,0.035835945047438145,0.0,17587.59375,17587.59375,0.0,1.9946879100494745,"[(0.0, 17587.59375)]",,model.layers.1.self_attn.q_proj
Our Tetris,0.2344096628949046,0.2152194702066481,17819.26953125,17850.73046875,0.17624453831217954,1.1006584956209982,"[(0.0, 17850.73046875), (0.041130231227725744, 17850.73046875), (0.07946933899074793, 17840.3203125), (0.118275904096663, 17830.810546875), (0.1375046488828957, 17829.14453125), (0.1763318870216608, 17824.412109375), (0.2152194702066481, 17819.26953125)]",1.0,model.layers.1.self_attn.q_proj
Sort Columns,0.0010859840549528599,0.0010859840549528599,6690.7333984375,6748.759765625,0.8598078640027899,1.9883990532782434,"[(0.0, 6748.759765625), (0.0010859840549528599, 6690.7333984375)]",,model.layers.1.self_attn.k_proj
Original Tetris,0.01222135592252016,0.003182453103363514,6746.5302734375,6748.759765625,0.03303558379505493,0.00032757295281796574,"[(0.0, 6748.759765625), (0.002111555077135563, 6748.5244140625), (0.003182453103363514, 6746.5302734375)]",,model.layers.1.self_attn.k_proj
Random Swaps,0.03461111383512616,0.027884282637387514,6686.220703125,6690.7333984375,0.0674469455553835,1.987317951592455,"[(0.0, 6690.7333984375), (0.027884282637387514, 6686.220703125)]",,model.layers.1.self_attn.k_proj
Our Tetris,0.23055860493332148,0.23047891398891807,6719.5419921875,6748.759765625,0.4329354496558251,1.1284174512958869,"[(0.0, 6748.759765625), (0.004053810145705938, 6748.5244140625), (0.008226771838963032, 6746.5302734375), (0.037839243188500404, 6746.5302734375), (0.057543057948350906, 6744.25439453125), (0.09625938721001148, 6738.9208984375), (0.1344588091596961, 6737.10009765625), (0.15359536185860634, 6736.1630859375), (0.17250848794355989, 6729.42578125), (0.211371345911175, 6727.15625), (0.23047891398891807, 6719.5419921875)]",3.0,model.layers.1.self_attn.k_proj
Sort Columns,0.0011619729921221733,0.0011619729921221733,2929.391357421875,2980.9091796875,1.7282587009586723,2.003658596090243,"[(0.0, 2980.9091796875), (0.0011619729921221733, 2929.391357421875)]",,model.layers.1.self_attn.v_proj
Original Tetris,0.014272985979914665,0.005515409167855978,2980.726806640625,2980.9091796875,0.006118034327168561,3.469754961057665e-05,"[(0.0, 2980.9091796875), (0.0039613391272723675, 2980.74560546875), (0.005515409167855978, 2980.726806640625)]",,model.layers.1.self_attn.v_proj
Random Swaps,0.03450334584340453,0.017556640785187483,2925.70263671875,2929.391357421875,0.1259210618540024,2.008271059838686,"[(0.0, 2929.391357421875), (0.017556640785187483, 2925.70263671875)]",,model.layers.1.self_attn.v_proj
Our Tetris,0.23183931084349751,0.15502671943977475,2976.323486328125,2980.9091796875,0.15383539326266008,1.1337381890088765,"[(0.0, 2980.9091796875), (0.004559262190014124, 2980.81640625), (0.008244443219155073, 2980.27685546875), (0.03871311526745558, 2980.726806640625), (0.0582484002225101, 2979.46044921875), (0.09683153824880719, 2978.18701171875), (0.11575116030871868, 2976.4208984375), (0.15502671943977475, 2976.323486328125)]",3.0,model.layers.1.self_attn.v_proj
Sort Columns,0.001169515773653984,0.001169515773653984,9430.591796875,9487.521484375,0.6000480483101673,1.99531414174729,"[(0.0, 9487.521484375), (0.001169515773653984, 9430.591796875)]",,model.layers.1.self_attn.o_proj
Original Tetris,0.012816347181797028,0.00425502797588706,9479.6357421875,9487.521484375,0.08311698898903186,0.01168859075969714,"[(0.0, 9487.521484375), (0.003217723686248064, 9485.46484375), (0.00425502797588706, 9479.6357421875)]",,model.layers.1.self_attn.o_proj
Random Swaps,0.03523138724267483,0.0,9430.591796875,9430.591796875,0.0,1.99531414174729,"[(0.0, 9430.591796875)]",,model.layers.1.self_attn.o_proj
Our Tetris,0.23278260603547096,0.007741366047412157,9480.306640625,9487.521484375,0.07604561172148201,0.9911722249616263,"[(0.0, 9487.521484375), (0.004075950942933559, 9486.05078125), (0.007741366047412157, 9479.6357421875), (0.0387391671538353, 9480.306640625)]",3.0,model.layers.1.self_attn.o_proj
Sort Columns,0.0011674212291836739,0.0011674212291836739,40672.30078125,40826.4375,0.3775414368446916,1.990277928173745,"[(0.0, 40826.4375), (0.0011674212291836739, 40672.30078125)]",,model.layers.1.mlp.gate_proj
Original Tetris,0.01186180580407381,0.0,40826.4375,40826.4375,0.0,0.0,"[(0.0, 40826.4375)]",,model.layers.1.mlp.gate_proj
Random Swaps,0.03517069295048714,0.03513018414378166,40657.71875,40672.30078125,0.03585248675364424,1.9910843841097519,"[(0.0, 40672.30078125), (0.00753609836101532, 40665.89453125), (0.024543775245547295, 40661.51171875), (0.02772699622437358, 40659.8203125), (0.03513018414378166, 40657.71875)]",,model.layers.1.mlp.gate_proj
Our Tetris,0.2345317481085658,0.23445694567635655,40808.8359375,40826.4375,0.04311314818982185,1.111051727040075,"[(0.0, 40826.4375), (0.03848898969590664, 40826.4375), (0.07788705267012119, 40826.3125), (0.13619579700753093, 40824.078125), (0.15577738778665662, 40810.1875), (0.17487748293206096, 40809.4609375), (0.23445694567635655, 40808.8359375)]",1.0,model.layers.1.mlp.gate_proj
Sort Columns,0.0011637890711426735,0.0011637890711426735,35922.46484375,36016.796875,0.2619112176393393,1.9980567397966496,"[(0.0, 36016.796875), (0.0011637890711426735, 35922.46484375)]",,model.layers.1.mlp.up_proj
Original Tetris,0.012083976063877344,0.0,36016.796875,36016.796875,0.0,0.0,"[(0.0, 36016.796875)]",,model.layers.1.mlp.up_proj
Random Swaps,0.035703732166439295,0.02863851422443986,35912.57421875,35922.46484375,0.027533258207700154,1.9968211669847373,"[(0.0, 35922.46484375), (0.007877209223806858, 35917.71875), (0.01807019393891096, 35915.296875), (0.02863851422443986, 35912.57421875)]",,model.layers.1.mlp.up_proj
Our Tetris,0.2321961377747357,0.1553315119817853,36006.2578125,36016.796875,0.0292615207748121,1.080100475151738,"[(0.0, 36016.796875), (0.03894513286650181, 36016.796875), (0.05823191674426198, 36010.796875), (0.13594897277653217, 36009.3515625), (0.1553315119817853, 36006.2578125)]",1.0,model.layers.1.mlp.up_proj
Sort Columns,0.001636764034628868,0.001636764034628868,36251.8828125,36370.84375,0.327077750292774,2.0008536948187614,"[(0.0, 36370.84375), (0.001636764034628868, 36251.8828125)]",,model.layers.1.mlp.down_proj
Original Tetris,0.012057085987180471,0.0,36370.84375,36370.84375,0.0,0.0,"[(0.0, 36370.84375)]",,model.layers.1.mlp.down_proj
Random Swaps,0.08275809325277805,0.034402912016958,36250.390625,36251.8828125,0.004116165518127183,1.999953623821897,"[(0.0, 36251.8828125), (0.034402912016958, 36250.390625)]",,model.layers.1.mlp.down_proj
Our Tetris,2.166248243302107,2.166176932863891,36361.6953125,36370.84375,0.025153217678652286,1.0589401910551945,"[(0.0, 36370.84375), (0.3589100888930261, 36370.84375), (0.5402654828503728, 36366.96875), (1.623166421893984, 36365.86328125), (1.804783727042377, 36364.015625), (1.98570497892797, 36363.25390625), (2.166176932863891, 36361.6953125)]",1.0,model.layers.1.mlp.down_proj
Sort Columns,0.0011604358442127705,0.0011604358442127705,16221.615234375,16466.046875,1.4844585496480922,1.9989363955999981,"[(0.0, 16466.046875), (0.0011604358442127705, 16221.615234375)]",,model.layers.2.self_attn.q_proj
Original Tetris,0.011938214302062988,0.0,16466.046875,16466.046875,0.0,0.0,"[(0.0, 16466.046875)]",,model.layers.2.self_attn.q_proj
Random Swaps,0.034616490826010704,0.0,16221.615234375,16221.615234375,0.0,1.9989363955999981,"[(0.0, 16221.615234375)]",,model.layers.2.self_attn.q_proj
Our Tetris,0.23538131406530738,0.21603481424972415,16448.544921875,16466.046875,0.10629116543797038,1.1602656890217817,"[(0.0, 16466.046875), (0.042645887937396765, 16466.046875), (0.08106859819963574, 16465.7421875), (0.10009759338572621, 16464.02734375), (0.11948879295960069, 16454.8203125), (0.1586876641958952, 16452.25), (0.21603481424972415, 16448.544921875)]",1.0,model.layers.2.self_attn.q_proj
Sort Columns,0.001156106125563383,0.001156106125563383,6441.2021484375,6458.44580078125,0.26699383838855023,1.996987857977872,"[(0.0, 6458.44580078125), (0.001156106125563383, 6441.2021484375)]",,model.layers.2.self_attn.k_proj
Original Tetris,0.011213387362658978,0.0,6458.44580078125,6458.44580078125,0.0,0.0,"[(0.0, 6458.44580078125)]",,model.layers.2.self_attn.k_proj
Random Swaps,0.03617188800126314,0.01874277973547578,6434.01025390625,6441.2021484375,0.1116545384776443,1.9959836496482917,"[(0.0, 6441.2021484375), (0.014783327002078295, 6437.9169921875), (0.01874277973547578, 6434.01025390625)]",,model.layers.2.self_attn.k_proj
Our Tetris,0.23051055427640676,0.21056934259831905,6431.34765625,6458.44580078125,0.4195768667435756,1.2235561894224034,"[(0.0, 6458.44580078125), (0.03834951389580965, 6458.44580078125), (0.07656513992697, 6458.060546875), (0.11532162688672543, 6450.1708984375), (0.1343925278633833, 6448.1572265625), (0.15349443862214684, 6442.97509765625), (0.17249249387532473, 6440.38037109375), (0.19153895089402795, 6437.07080078125), (0.21056934259831905, 6431.34765625)]",1.0,model.layers.2.self_attn.k_proj
Sort Columns,0.001118950080126524,0.001118950080126524,2687.3125,2708.47314453125,0.78127577428545,1.9941218751587757,"[(0.0, 2708.47314453125), (0.001118950080126524, 2687.3125)]",,model.layers.2.self_attn.v_proj
Original Tetris,0.012441710103303194,0.0021372572518885136,2708.4296875,2708.47314453125,0.0016044844800379595,0.0002149158869936917,"[(0.0, 2708.47314453125), (0.0021372572518885136, 2708.4296875)]",,model.layers.2.self_attn.v_proj
Random Swaps,0.03542212722823024,0.035378475207835436,2684.5576171875,2687.3125,0.10251441961067051,1.989260448469943,"[(0.0, 2687.3125), (0.03192838514223695, 2686.403564453125), (0.035378475207835436, 2684.5576171875)]",,model.layers.2.self_attn.v_proj
Our Tetris,0.23052193829789758,0.17265571700409055,2703.734375,2708.47314453125,0.17496091998616178,1.0341928930258735,"[(0.0, 2708.47314453125), (0.004105214960873127, 2708.4296875), (0.03837270196527243, 2708.499755859375), (0.11537994584068656, 2708.427001953125), (0.13450546376407146, 2705.650634765625), (0.17265571700409055, 2703.734375)]",2.0,model.layers.2.self_attn.v_proj
Sort Columns,0.0011467481963336468,0.0011467481963336468,8747.009765625,8798.4580078125,0.5847415779198702,1.9895398625368388,"[(0.0, 8798.4580078125), (0.0011467481963336468, 8747.009765625)]",,model.layers.2.self_attn.o_proj
Original Tetris,0.011841203086078167,0.0,8798.4580078125,8798.4580078125,0.0,0.0,"[(0.0, 8798.4580078125)]",,model.layers.2.self_attn.o_proj
Random Swaps,0.035417307168245316,0.0,8747.009765625,8747.009765625,0.0,1.9895398625368388,"[(0.0, 8747.009765625)]",,model.layers.2.self_attn.o_proj
Our Tetris,0.23016127105802298,0.0,8798.4580078125,8798.4580078125,0.0,0.9536871523920187,"[(0.0, 8798.4580078125), (0.038079292979091406, 8798.4580078125)]",1.0,model.layers.2.self_attn.o_proj
Sort Columns,0.0011507277376949787,0.0011507277376949787,39715.71875,39766.1328125,0.12677637711895623,1.9965686336583868,"[(0.0, 39766.1328125), (0.0011507277376949787, 39715.71875)]",,model.layers.2.mlp.gate_proj
Original Tetris,0.012209063861519098,0.0,39766.1328125,39766.1328125,0.0,0.0,"[(0.0, 39766.1328125)]",,model.layers.2.mlp.gate_proj
Random Swaps,0.03504721214994788,0.02823670906946063,39685.09765625,39715.71875,0.07710069139816335,1.9931379396942408,"[(0.0, 39715.71875), (0.007319654803723097, 39712.9140625), (0.014535455033183098, 39701.0234375), (0.02117204898968339, 39699.73828125), (0.02823670906946063, 39685.09765625)]",,model.layers.2.mlp.gate_proj
Our Tetris,0.2320109149441123,0.17390436539426446,39753.140625,39766.1328125,0.03267148847804498,1.1383720329523233,"[(0.0, 39766.1328125), (0.03911617724224925, 39766.1328125), (0.05829505529254675, 39763.83203125), (0.11583287641406059, 39758.4609375), (0.13491180911660194, 39758.30859375), (0.15454312833026052, 39753.6015625), (0.17390436539426446, 39753.140625)]",1.0,model.layers.2.mlp.gate_proj
Sort Columns,0.0011658151634037495,0.0011658151634037495,36270.8984375,36446.671875,0.48227568789502817,1.9968425248892296,"[(0.0, 36446.671875), (0.0011658151634037495, 36270.8984375)]",,model.layers.2.mlp.up_proj
Original Tetris,0.011811869218945503,0.0,36446.671875,36446.671875,0.0,0.0,"[(0.0, 36446.671875)]",,model.layers.2.mlp.up_proj
Random Swaps,0.03596578212454915,0.03245451021939516,36229.05078125,36270.8984375,0.11537529549236161,1.9944835424681004,"[(0.0, 36270.8984375), (0.018386721145361662, 36262.6015625), (0.025700790341943502, 36242.03125), (0.03245451021939516, 36229.05078125)]",,model.layers.2.mlp.up_proj
Our Tetris,0.2361339400522411,0.23606304870918393,36424.33203125,36446.671875,0.06129460551739335,1.1169050514254424,"[(0.0, 36446.671875), (0.038730994798243046, 36446.671875), (0.05812002904713154, 36440.1875), (0.097399917896837, 36436.890625), (0.19639204069972038, 36431.8515625), (0.23606304870918393, 36424.33203125)]",1.0,model.layers.2.mlp.up_proj
Sort Columns,0.0011446517892181873,0.0011446517892181873,35799.515625,35961.9140625,0.4515845213849287,1.9979337195330698,"[(0.0, 35961.9140625), (0.0011446517892181873, 35799.515625)]",,model.layers.2.mlp.down_proj
Original Tetris,0.01268755691125989,0.0,35961.9140625,35961.9140625,0.0,0.0,"[(0.0, 35961.9140625)]",,model.layers.2.mlp.down_proj
Random Swaps,0.08550095511600375,0.0,35799.515625,35799.515625,0.0,1.9979337195330698,"[(0.0, 35799.515625)]",,model.layers.2.mlp.down_proj
Our Tetris,2.2392500089481473,1.8649538508616388,35952.85546875,35961.9140625,0.025189409368635438,1.052066616098219,"[(0.0, 35961.9140625), (0.36690135207027197, 35961.9140625), (0.7356109321117401, 35961.40625), (1.303765308111906, 35960.25), (1.6791118308901787, 35954.6484375), (1.8649538508616388, 35952.85546875)]",1.0,model.layers.2.mlp.down_proj
Sort Columns,0.0010625170543789864,0.0010625170543789864,15052.08984375,15285.61328125,1.5277335178069043,1.9822566681792473,"[(0.0, 15285.61328125), (0.0010625170543789864, 15052.08984375)]",,model.layers.3.self_attn.q_proj
Original Tetris,0.011536200065165758,0.0,15285.61328125,15285.61328125,0.0,0.0,"[(0.0, 15285.61328125)]",,model.layers.3.self_attn.q_proj
Random Swaps,0.03366795787587762,0.0,15052.08984375,15052.08984375,0.0,1.9822566681792473,"[(0.0, 15052.08984375)]",,model.layers.3.self_attn.q_proj
Our Tetris,0.2359489258378744,0.23587524192407727,15239.6318359375,15285.61328125,0.3008151813503149,1.2245472923218208,"[(0.0, 15285.61328125), (0.04172829492017627, 15285.61328125), (0.06093650683760643, 15279.7060546875), (0.10129602393135428, 15274.6689453125), (0.12050025491043925, 15268.1767578125), (0.15958786709234118, 15259.357421875), (0.17870619101449847, 15256.603515625), (0.19763014279305935, 15244.056640625), (0.23587524192407727, 15239.6318359375)]",1.0,model.layers.3.self_attn.q_proj
Sort Columns,0.0015461081638932228,0.0015461081638932228,5952.55517578125,5955.8515625,0.055347026099594805,2.0034990340695686,"[(0.0, 5955.8515625), (0.0015461081638932228, 5952.55517578125)]",,model.layers.3.self_attn.k_proj
Original Tetris,0.011439118068665266,0.0,5955.8515625,5955.8515625,0.0,0.0,"[(0.0, 5955.8515625)]",,model.layers.3.self_attn.k_proj
Random Swaps,0.0362295787781477,0.025660350918769836,5942.2783203125,5952.55517578125,0.17264611860403634,2.0012320683057983,"[(0.0, 5952.55517578125), (0.025660350918769836, 5942.2783203125)]",,model.layers.3.self_attn.k_proj
Our Tetris,0.23129928670823574,0.19222941622138023,5942.0498046875,5955.8515625,0.2317344156023029,1.1097062589198246,"[(0.0, 5955.8515625), (0.03849653294309974, 5955.8515625), (0.0768642071634531, 5952.40234375), (0.17334143305197358, 5947.01806640625), (0.19222941622138023, 5942.0498046875)]",1.0,model.layers.3.self_attn.k_proj
Sort Columns,0.0011531030759215355,0.0011531030759215355,3384.350341796875,3428.7412109375,1.294669571416487,1.9865542887301708,"[(0.0, 3428.7412109375), (0.0011531030759215355, 3384.350341796875)]",,model.layers.3.self_attn.v_proj
Original Tetris,0.013187071774154902,0.005298197735100985,3423.43017578125,3428.7412109375,0.15489752155421016,0.015540602883241219,"[(0.0, 3428.7412109375), (0.0024752249009907246, 3428.179931640625), (0.004198384936898947, 3423.446044921875), (0.005298197735100985, 3423.43017578125)]",,model.layers.3.self_attn.v_proj
Random Swaps,0.035610422026365995,0.02807062305510044,3383.139892578125,3384.350341796875,0.03576607314558718,1.9880510968037155,"[(0.0, 3384.350341796875), (0.02807062305510044, 3383.139892578125)]",,model.layers.3.self_attn.v_proj
Our Tetris,0.22969982028007507,0.21066998643800616,3420.779541015625,3428.7412109375,0.23220387401877113,1.0054344148106895,"[(0.0, 3428.7412109375), (0.004129170440137386, 3428.179931640625), (0.007741505280137062, 3423.47802734375), (0.012012038379907608, 3423.341064453125), (0.038348117377609015, 3423.43017578125), (0.05732843233272433, 3423.3369140625), (0.07699376437813044, 3422.89306640625), (0.19163596211001277, 3421.5439453125), (0.21066998643800616, 3420.779541015625)]",4.0,model.layers.3.self_attn.v_proj
Sort Columns,0.0011542201973497868,0.0011542201973497868,11012.193359375,11012.4462890625,0.002296762053234333,1.9906519013014696,"[(0.0, 11012.4462890625), (0.0011542201973497868, 11012.193359375)]",,model.layers.3.self_attn.o_proj
Original Tetris,0.012079366017132998,0.0,11012.4462890625,11012.4462890625,0.0,0.0,"[(0.0, 11012.4462890625)]",,model.layers.3.self_attn.o_proj
Random Swaps,0.03579355077818036,0.0,11012.193359375,11012.193359375,0.0,1.9906519013014696,"[(0.0, 11012.193359375)]",,model.layers.3.self_attn.o_proj
Our Tetris,0.23118593310937285,0.09659770503640175,11011.873046875,11012.4462890625,0.005205402800187465,1.0481759870541092,"[(0.0, 11012.4462890625), (0.038422569166868925, 11012.4462890625), (0.09659770503640175, 11011.873046875)]",1.0,model.layers.3.self_attn.o_proj
Sort Columns,0.0011828560382127762,0.0011828560382127762,39953.15625,40014.8984375,0.15429799877272274,1.9945250744378002,"[(0.0, 40014.8984375), (0.0011828560382127762, 39953.15625)]",,model.layers.3.mlp.gate_proj
Original Tetris,0.011988081969320774,0.0,40014.8984375,40014.8984375,0.0,0.0,"[(0.0, 40014.8984375)]",,model.layers.3.mlp.gate_proj
Random Swaps,0.03495271410793066,0.021165902260690928,39934.21484375,39953.15625,0.047409036050812634,1.994744837814628,"[(0.0, 39953.15625), (0.01797583745792508, 39949.19921875), (0.021165902260690928, 39934.21484375)]",,model.layers.3.mlp.gate_proj
Our Tetris,0.23063480388373137,0.21147450432181358,39976.5625,40014.8984375,0.09580416044258516,1.2351841166301145,"[(0.0, 40014.8984375), (0.03879182832315564, 40014.8984375), (0.07694410625845194, 39996.75), (0.17312073009088635, 39992.8984375), (0.19226517528295517, 39981.28515625), (0.21147450432181358, 39976.5625)]",1.0,model.layers.3.mlp.gate_proj
Sort Columns,0.001182367093861103,0.001182367093861103,36956.8984375,37093.68359375,0.3687559255318802,2.001508303370596,"[(0.0, 37093.68359375), (0.001182367093861103, 36956.8984375)]",,model.layers.3.mlp.up_proj
Original Tetris,0.011519368272274733,0.0,37093.68359375,37093.68359375,0.0,0.0,"[(0.0, 37093.68359375)]",,model.layers.3.mlp.up_proj
Random Swaps,0.03532253112643957,0.017948598600924015,36950.84375,36956.8984375,0.01638310506559267,2.0009609048104324,"[(0.0, 36956.8984375), (0.017948598600924015, 36950.84375)]",,model.layers.3.mlp.up_proj
Our Tetris,0.23048443207517266,0.2304149386473,37073.33203125,37093.68359375,0.05486530462407104,1.136180503472783,"[(0.0, 37093.68359375), (0.03897593356668949, 37093.68359375), (0.07736895978450775, 37092.3515625), (0.11550999386236072, 37088.5390625), (0.15429127495735884, 37086.78515625), (0.1924705128185451, 37079.98046875), (0.21138231176882982, 37079.09375), (0.2304149386473, 37073.33203125)]",1.0,model.layers.3.mlp.up_proj
Sort Columns,0.0011304044164717197,0.0011304044164717197,36793.51171875,36906.609375,0.3064428246465,1.9988753729540523,"[(0.0, 36906.609375), (0.0011304044164717197, 36793.51171875)]",,model.layers.3.mlp.down_proj
Original Tetris,0.012153609190136194,0.0,36906.609375,36906.609375,0.0,0.0,"[(0.0, 36906.609375)]",,model.layers.3.mlp.down_proj
Random Swaps,0.08202404575422406,0.06622988497838378,36790.54296875,36793.51171875,0.008068678039468364,1.9985777544119205,"[(0.0, 36793.51171875), (0.06622988497838378, 36790.54296875)]",,model.layers.3.mlp.down_proj
Our Tetris,2.1981498110108078,2.0156311858445406,36871.39453125,36906.609375,0.09541609035983138,1.0733405643229055,"[(0.0, 36906.609375), (0.3629859699867666, 36906.609375), (0.5446983310393989, 36906.2734375), (0.9161979872733355, 36899.64453125), (1.2842168929055333, 36892.98046875), (1.4669187851250172, 36882.23828125), (1.6485058479011059, 36871.6875), (2.0156311858445406, 36871.39453125)]",1.0,model.layers.3.mlp.down_proj
Sort Columns,0.0011256551370024681,0.0011256551370024681,15883.33203125,15979.568359375,0.602246105531001,1.9921413243110981,"[(0.0, 15979.568359375), (0.0011256551370024681, 15883.33203125)]",,model.layers.4.self_attn.q_proj
Original Tetris,0.01147690275683999,0.0,15979.568359375,15979.568359375,0.0,0.0,"[(0.0, 15979.568359375)]",,model.layers.4.self_attn.q_proj
Random Swaps,0.03310823766514659,0.02659973595291376,15880.70703125,15883.33203125,0.016526758962385146,1.992493531498274,"[(0.0, 15883.33203125), (0.02659973595291376, 15880.70703125)]",,model.layers.4.self_attn.q_proj
Our Tetris,0.23219138802960515,0.2321197995916009,15957.96484375,15979.568359375,0.13519461314063283,1.160267068917782,"[(0.0, 15979.568359375), (0.04105179803445935, 15979.568359375), (0.1168418237939477, 15967.568359375), (0.17450214875862002, 15965.3828125), (0.2131637898273766, 15960.486328125), (0.2321197995916009, 15957.96484375)]",1.0,model.layers.4.self_attn.q_proj
Sort Columns,0.0010950639843940735,0.0010950639843940735,5889.4287109375,5913.5908203125,0.408586087694907,1.9897203407858435,"[(0.0, 5913.5908203125), (0.0010950639843940735, 5889.4287109375)]",,model.layers.4.self_attn.k_proj
Original Tetris,0.011465030256658792,0.0,5913.5908203125,5913.5908203125,0.0,0.0,"[(0.0, 5913.5908203125)]",,model.layers.4.self_attn.k_proj
Random Swaps,0.03335359459742904,0.033316369634121656,5883.599609375,5889.4287109375,0.09897567062276406,1.9937731056149108,"[(0.0, 5889.4287109375), (0.02988206408917904, 5888.8583984375), (0.033316369634121656, 5883.599609375)]",,model.layers.4.self_attn.k_proj
Our Tetris,0.22896228125318885,0.15260904282331467,5899.955078125,5913.5908203125,0.23058311949252225,1.0909157168784243,"[(0.0, 5913.5908203125), (0.03811365505680442, 5913.5908203125), (0.07615998201072216, 5903.43310546875), (0.1334845027886331, 5901.1181640625), (0.15260904282331467, 5899.955078125)]",1.0,model.layers.4.self_attn.k_proj
Sort Columns,0.0010692919604480267,0.0010692919604480267,3559.312255859375,3611.86669921875,1.4550493618920812,1.9819595946811792,"[(0.0, 3611.86669921875), (0.0010692919604480267, 3559.312255859375)]",,model.layers.4.self_attn.v_proj
Original Tetris,0.012724224012345076,0.004518893081694841,3609.32568359375,3611.86669921875,0.07035186612921301,0.011749539539645939,"[(0.0, 3611.86669921875), (0.0030350852757692337, 3610.99169921875), (0.004518893081694841, 3609.32568359375)]",,model.layers.4.self_attn.v_proj
Random Swaps,0.033394522964954376,0.023737790994346142,3556.47314453125,3559.312255859375,0.0797657278720412,1.9901150143570192,"[(0.0, 3559.312255859375), (0.023737790994346142, 3556.47314453125)]",,model.layers.4.self_attn.v_proj
Our Tetris,0.22798909293487668,0.09488327614963055,3602.71044921875,3611.86669921875,0.2535046490497699,1.0319487181515437,"[(0.0, 3611.86669921875), (0.004016723949462175, 3611.0712890625), (0.008086529094725847, 3608.3193359375), (0.011690343264490366, 3608.277099609375), (0.03760967031121254, 3608.277099609375), (0.09488327614963055, 3602.71044921875)]",4.0,model.layers.4.self_attn.v_proj
Sort Columns,0.0011361311189830303,0.0011361311189830303,11345.0224609375,11287.662109375,-0.5081685738525004,1.9921268682337676,"[(0.0, 11287.662109375), (0.0011361311189830303, 11345.0224609375)]",,model.layers.4.self_attn.o_proj
Original Tetris,0.011439117603003979,0.0,11287.662109375,11287.662109375,0.0,0.0,"[(0.0, 11287.662109375)]",,model.layers.4.self_attn.o_proj
Random Swaps,0.03334444621577859,0.0,11345.0224609375,11345.0224609375,0.0,1.9921268682337676,"[(0.0, 11345.0224609375)]",,model.layers.4.self_attn.o_proj
Our Tetris,0.23043414624407887,0.05662609403952956,11282.30078125,11287.662109375,0.04749724143981182,0.9705094109499999,"[(0.0, 11287.662109375), (0.03763830615207553, 11287.662109375), (0.05662609403952956, 11282.30078125)]",1.0,model.layers.4.self_attn.o_proj
Sort Columns,0.0011466778814792633,0.0011466778814792633,39502.1484375,39586.64453125,0.21344596075400665,1.9969063809214305,"[(0.0, 39586.64453125), (0.0011466778814792633, 39502.1484375)]",,model.layers.4.mlp.gate_proj
Original Tetris,0.011424729600548744,0.0,39586.64453125,39586.64453125,0.0,0.0,"[(0.0, 39586.64453125)]",,model.layers.4.mlp.gate_proj
Random Swaps,0.033592666033655405,0.023247704841196537,39477.38671875,39502.1484375,0.06268448610884494,1.9994975273720474,"[(0.0, 39502.1484375), (0.020126224029809237, 39492.890625), (0.023247704841196537, 39477.38671875)]",,model.layers.4.mlp.gate_proj
Our Tetris,0.22954574739560485,0.2294767419807613,39555.41796875,39586.64453125,0.07888155934850583,1.1523085227739878,"[(0.0, 39586.64453125), (0.037584456615149975, 39586.64453125), (0.11416146997362375, 39579.23046875), (0.13301048101857305, 39577.6484375), (0.15251014567911625, 39570.32421875), (0.17158391093835235, 39570.0234375), (0.19112603971734643, 39569.26171875), (0.21026371093466878, 39562.22265625), (0.2294767419807613, 39555.41796875)]",1.0,model.layers.4.mlp.gate_proj
Sort Columns,0.0011705630458891392,0.0011705630458891392,36709.328125,36851.7890625,0.38657807700567454,1.9999884351533752,"[(0.0, 36851.7890625), (0.0011705630458891392, 36709.328125)]",,model.layers.4.mlp.up_proj
Original Tetris,0.011813335120677948,0.0,36851.7890625,36851.7890625,0.0,0.0,"[(0.0, 36851.7890625)]",,model.layers.4.mlp.up_proj
Random Swaps,0.03367522079497576,0.03362681996077299,36694.4375,36709.328125,0.040563599936494346,2.00020277907207,"[(0.0, 36709.328125), (0.01412890013307333, 36703.11328125), (0.02038254728540778, 36697.1875), (0.03362681996077299, 36694.4375)]",,model.layers.4.mlp.up_proj
Our Tetris,0.2303401380777359,0.21121937036514282,36810.6953125,36851.7890625,0.11151086838770759,1.1587632001060812,"[(0.0, 36851.7890625), (0.03872568719089031, 36851.7890625), (0.07737468741834164, 36841.92578125), (0.13436047127470374, 36832.98046875), (0.17304774513468146, 36827.828125), (0.19207813730463386, 36827.5625), (0.21121937036514282, 36810.6953125)]",1.0,model.layers.4.mlp.up_proj
Sort Columns,0.001145699992775917,0.001145699992775917,36155.625,36225.99609375,0.1942557868329837,1.9930881726927303,"[(0.0, 36225.99609375), (0.001145699992775917, 36155.625)]",,model.layers.4.mlp.down_proj
Original Tetris,0.012077900115400553,0.0,36225.99609375,36225.99609375,0.0,0.0,"[(0.0, 36225.99609375)]",,model.layers.4.mlp.down_proj
Random Swaps,0.07913311617448926,0.06317636324092746,36146.94921875,36155.625,0.023995661117737557,1.9930741582257576,"[(0.0, 36155.625), (0.055176439229398966, 36154.9296875), (0.06317636324092746, 36146.94921875)]",,model.layers.4.mlp.down_proj
Our Tetris,2.1901905382983387,1.0921798939816654,36206.5390625,36225.99609375,0.05371013456647748,1.0186801390612437,"[(0.0, 36225.99609375), (0.3632404771633446, 36225.99609375), (0.5453060329891741, 36225.3671875), (0.7278565759770572, 36216.00390625), (1.0921798939816654, 36206.5390625)]",1.0,model.layers.4.mlp.down_proj
Sort Columns,0.0011313119903206825,0.0011313119903206825,14616.509765625,14771.955078125,1.0523001977591353,1.9942211918220996,"[(0.0, 14771.955078125), (0.0011313119903206825, 14616.509765625)]",,model.layers.5.self_attn.q_proj
Original Tetris,0.011439468245953321,0.0,14771.955078125,14771.955078125,0.0,0.0,"[(0.0, 14771.955078125)]",,model.layers.5.self_attn.q_proj
Random Swaps,0.03330742986872792,0.020010145846754313,14615.625,14616.509765625,0.006053193540641181,1.996010806190738,"[(0.0, 14616.509765625), (0.020010145846754313, 14615.625)]",,model.layers.5.self_attn.q_proj
Our Tetris,0.23294764524325728,0.17452659364789724,14739.62890625,14771.955078125,0.21883475615810735,1.1432606216201613,"[(0.0, 14771.955078125), (0.04072947474196553, 14771.955078125), (0.07925122091546655, 14768.70703125), (0.09833420487120748, 14767.32421875), (0.11747459881007671, 14763.171875), (0.1363791348412633, 14743.279296875), (0.17452659364789724, 14739.62890625)]",1.0,model.layers.5.self_attn.q_proj
Sort Columns,0.0011406010016798973,0.0011406010016798973,5400.53125,5432.12060546875,0.5815289785161919,1.9910943574896875,"[(0.0, 5432.12060546875), (0.0011406010016798973, 5400.53125)]",,model.layers.5.self_attn.k_proj
Original Tetris,0.01144582312554121,0.0,5432.12060546875,5432.12060546875,0.0,0.0,"[(0.0, 5432.12060546875)]",,model.layers.5.self_attn.k_proj
Random Swaps,0.033359321765601635,0.00694487988948822,5397.38427734375,5400.53125,0.05827153867964379,1.9942446200710164,"[(0.0, 5400.53125), (0.003824376966804266, 5399.34765625), (0.00694487988948822, 5397.38427734375)]",,model.layers.5.self_attn.k_proj
Our Tetris,0.22814079141244292,0.22807164676487446,5417.1494140625,5432.12060546875,0.2756049155311069,1.1676163159679027,"[(0.0, 5432.12060546875), (0.037565250881016254, 5432.12060546875), (0.07597161689773202, 5429.0751953125), (0.11386268399655819, 5428.4833984375), (0.1707222620025277, 5428.34375), (0.1901459377259016, 5422.5224609375), (0.22807164676487446, 5417.1494140625)]",1.0,model.layers.5.self_attn.k_proj
Sort Columns,0.0011061690747737885,0.0011061690747737885,3645.344970703125,3742.97412109375,2.6083308949541006,2.0042306047170135,"[(0.0, 3742.97412109375), (0.0011061690747737885, 3645.344970703125)]",,model.layers.5.self_attn.v_proj
Original Tetris,0.013824107125401497,0.005147966090589762,3733.03564453125,3742.97412109375,0.26552351795571155,0.003530102989051249,"[(0.0, 3742.97412109375), (0.004106123000383377, 3739.14111328125), (0.005147966090589762, 3733.03564453125)]",,model.layers.5.self_attn.v_proj
Random Swaps,0.033510252833366394,0.013808461837470531,3642.69873046875,3645.344970703125,0.07259231309086737,2.0049766886684997,"[(0.0, 3645.344970703125), (0.013808461837470531, 3642.69873046875)]",,model.layers.5.self_attn.v_proj
Our Tetris,0.2280824719928205,0.20896861795336008,3713.308349609375,3742.97412109375,0.7925721772210983,1.2202276189536374,"[(0.0, 3742.97412109375), (0.004033694975078106, 3740.173828125), (0.008340824861079454, 3734.32275390625), (0.011983471922576427, 3733.5029296875), (0.01558176800608635, 3733.4873046875), (0.037774777971208096, 3733.4873046875), (0.07601631572470069, 3726.57568359375), (0.09497602703049779, 3724.796142578125), (0.11405649594962597, 3721.98046875), (0.17082548886537552, 3721.34130859375), (0.20896861795336008, 3713.308349609375)]",5.0,model.layers.5.self_attn.v_proj
Sort Columns,0.0011099399998784065,0.0011099399998784065,10080.974609375,10087.9140625,0.06878977241485597,2.0014996905268254,"[(0.0, 10087.9140625), (0.0011099399998784065, 10080.974609375)]",,model.layers.5.self_attn.o_proj
Original Tetris,0.011477111838757992,0.0,10087.9140625,10087.9140625,0.0,0.0,"[(0.0, 10087.9140625)]",,model.layers.5.self_attn.o_proj
Random Swaps,0.03341058734804392,0.0,10080.974609375,10080.974609375,0.0,2.0014996905268254,"[(0.0, 10080.974609375)]",,model.layers.5.self_attn.o_proj
Our Tetris,0.22936701914295554,0.0,10087.9140625,10087.9140625,0.0,1.099282536943148,"[(0.0, 10087.9140625), (0.03760128980502486, 10087.9140625)]",1.0,model.layers.5.self_attn.o_proj
Sort Columns,0.0011404622346162796,0.0011404622346162796,39095.3984375,39125.75,0.07757439154521,2.0012600602619277,"[(0.0, 39125.75), (0.0011404622346162796, 39095.3984375)]",,model.layers.5.mlp.gate_proj
Original Tetris,0.011332188732922077,0.0,39125.75,39125.75,0.0,0.0,"[(0.0, 39125.75)]",,model.layers.5.mlp.gate_proj
Random Swaps,0.033433216623961926,0.030018326826393604,39074.859375,39095.3984375,0.05253575438765472,2.0016292677082634,"[(0.0, 39095.3984375), (0.013813700061291456, 39092.77734375), (0.01691597420722246, 39078.2421875), (0.030018326826393604, 39074.859375)]",,model.layers.5.mlp.gate_proj
Our Tetris,0.2291247360408306,0.21002869121730328,39111.953125,39125.75,0.03526290230858194,1.1266822072545069,"[(0.0, 39125.75), (0.03779957303777337, 39125.75), (0.19054934987798333, 39120.4921875), (0.21002869121730328, 39111.953125)]",1.0,model.layers.5.mlp.gate_proj
Sort Columns,0.0011023967526853085,0.0011023967526853085,36816.078125,36969.2109375,0.41421715156129707,1.9957817271134213,"[(0.0, 36969.2109375), (0.0011023967526853085, 36816.078125)]",,model.layers.5.mlp.up_proj
Original Tetris,0.011459861882030964,0.0,36969.2109375,36969.2109375,0.0,0.0,"[(0.0, 36969.2109375)]",,model.layers.5.mlp.up_proj
Random Swaps,0.03344997903332114,0.033412333112210035,36798.296875,36816.078125,0.04829751267809708,1.9959310935110082,"[(0.0, 36816.078125), (0.007046571001410484, 36811.14453125), (0.033412333112210035, 36798.296875)]",,model.layers.5.mlp.up_proj
Our Tetris,0.22866461193189025,0.2285911371000111,36954.03515625,36969.2109375,0.04104978403692769,1.019147204665517,"[(0.0, 36969.2109375), (0.037668757140636444, 36969.2109375), (0.07560571003705263, 36962.78125), (0.1899553369730711, 36957.171875), (0.2285911371000111, 36954.03515625)]",1.0,model.layers.5.mlp.up_proj
Sort Columns,0.0010991147719323635,0.0010991147719323635,36180.26953125,36302.140625,0.3357132434941638,1.999712240117276,"[(0.0, 36302.140625), (0.0010991147719323635, 36180.26953125)]",,model.layers.5.mlp.down_proj
Original Tetris,0.012085931841284037,0.0,36302.140625,36302.140625,0.0,0.0,"[(0.0, 36302.140625)]",,model.layers.5.mlp.down_proj
Random Swaps,0.07848665211349726,0.0,36180.26953125,36180.26953125,0.0,1.999712240117276,"[(0.0, 36180.26953125)]",,model.layers.5.mlp.down_proj
Our Tetris,2.2035554302856326,2.018230593763292,36263.65625,36302.140625,0.10601131045560759,1.048594727771221,"[(0.0, 36302.140625), (0.36459612380713224, 36302.140625), (0.547820788808167, 36294.05859375), (0.7313313209451735, 36292.828125), (0.9143637786619365, 36281.40234375), (1.0988184437155724, 36276.0859375), (1.6498275538906455, 36265.94140625), (2.018230593763292, 36263.65625)]",1.0,model.layers.5.mlp.down_proj
Sort Columns,0.0011073569767177105,0.0011073569767177105,15115.943359375,15124.263671875,0.055013008768634526,2.004523460798858,"[(0.0, 15124.263671875), (0.0011073569767177105, 15115.943359375)]",,model.layers.6.self_attn.q_proj
Original Tetris,0.011392532847821712,0.0,15124.263671875,15124.263671875,0.0,0.0,"[(0.0, 15124.263671875)]",,model.layers.6.self_attn.q_proj
Random Swaps,0.03329925797879696,0.013680510222911835,15092.3916015625,15115.943359375,0.15580739655188677,2.006351120403451,"[(0.0, 15115.943359375), (0.013680510222911835, 15092.3916015625)]",,model.layers.6.self_attn.q_proj
Our Tetris,0.251270251814276,0.25119223818182945,15111.87109375,15124.263671875,0.08193838982088875,1.0773395904553194,"[(0.0, 15124.263671875), (0.041044394951313734, 15124.263671875), (0.12153790798038244, 15122.03125), (0.22951781004667282, 15116.8828125), (0.25119223818182945, 15111.87109375)]",1.0,model.layers.6.self_attn.q_proj
Sort Columns,0.0013029146939516068,0.0013029146939516068,5691.93896484375,5713.4169921875,0.3759226286672049,1.9981585330996088,"[(0.0, 5713.4169921875), (0.0013029146939516068, 5691.93896484375)]",,model.layers.6.self_attn.k_proj
Original Tetris,0.013608502224087715,0.0,5713.4169921875,5713.4169921875,0.0,0.0,"[(0.0, 5713.4169921875)]",,model.layers.6.self_attn.k_proj
Random Swaps,0.039464553352445364,0.03523236373439431,5685.966796875,5691.93896484375,0.10492326087185903,1.9994967900803617,"[(0.0, 5691.93896484375), (0.004493260756134987, 5689.75927734375), (0.011998418718576431, 5688.8916015625), (0.027390284929424524, 5688.3310546875), (0.03523236373439431, 5685.966796875)]",,model.layers.6.self_attn.k_proj
Our Tetris,0.26211913023144007,0.2620371337980032,5703.54052734375,5713.4169921875,0.17286441471461006,1.1405652013345575,"[(0.0, 5713.4169921875), (0.043483931105583906, 5713.4169921875), (0.0652564880438149, 5710.94775390625), (0.21815593680366874, 5709.802734375), (0.2620371337980032, 5703.54052734375)]",1.0,model.layers.6.self_attn.k_proj
Sort Columns,0.0012622671201825142,0.0012622671201825142,3840.7021484375,3898.7080078125,1.4878226135110364,1.9979493178450398,"[(0.0, 3898.7080078125), (0.0012622671201825142, 3840.7021484375)]",,model.layers.6.self_attn.v_proj
Original Tetris,0.014838294126093388,0.004696363117545843,3892.90234375,3898.7080078125,0.14891251283415455,0.011103785351154093,"[(0.0, 3898.7080078125), (0.0031360769644379616, 3897.743896484375), (0.004696363117545843, 3892.90234375)]",,model.layers.6.self_attn.v_proj
Random Swaps,0.03999899001792073,0.0,3840.7021484375,3840.7021484375,0.0,1.9979493178450398,"[(0.0, 3840.7021484375)]",,model.layers.6.self_attn.v_proj
Our Tetris,0.26585599407553673,0.24371969606727362,3887.380859375,3898.7080078125,0.29053595228988366,1.1272716578615607,"[(0.0, 3898.7080078125), (0.004809439182281494, 3897.830078125), (0.009091565385460854, 3895.88427734375), (0.013676250353455544, 3894.802734375), (0.04359554033726454, 3894.802734375), (0.06569614820182323, 3891.46826171875), (0.0875114481896162, 3891.382080078125), (0.13215008936822414, 3889.754150390625), (0.15356058115139604, 3889.55810546875), (0.24371969606727362, 3887.380859375)]",4.0,model.layers.6.self_attn.v_proj
Sort Columns,0.0011166450567543507,0.0011166450567543507,11470.9951171875,11438.84375,-0.2810718276268088,2.002510323362664,"[(0.0, 11438.84375), (0.0011166450567543507, 11470.9951171875)]",,model.layers.6.self_attn.o_proj
Original Tetris,0.011661077849566936,0.0,11438.84375,11438.84375,0.0,0.0,"[(0.0, 11438.84375)]",,model.layers.6.self_attn.o_proj
Random Swaps,0.034368549939244986,0.030900789890438318,11470.421875,11470.9951171875,0.004997318729925059,2.001874046458733,"[(0.0, 11470.9951171875), (0.030900789890438318, 11470.421875)]",,model.layers.6.self_attn.o_proj
Our Tetris,0.23387243319302797,0.11749988188967109,11432.6748046875,11438.84375,0.05392979786527812,0.9625430372952338,"[(0.0, 11438.84375), (0.03845420898869634, 11438.84375), (0.057435431983321905, 11436.7724609375), (0.11749988188967109, 11432.6748046875)]",1.0,model.layers.6.self_attn.o_proj
Sort Columns,0.0011461889371275902,0.0011461889371275902,38713.0546875,38827.8046875,0.2955356372155183,2.0040410521833594,"[(0.0, 38827.8046875), (0.0011461889371275902, 38713.0546875)]",,model.layers.6.mlp.gate_proj
Original Tetris,0.0117891700938344,0.0,38827.8046875,38827.8046875,0.0,0.0,"[(0.0, 38827.8046875)]",,model.layers.6.mlp.gate_proj
Random Swaps,0.03446437371894717,0.03441576333716512,38702.4765625,38713.0546875,0.027324438966102964,1.9990592109686376,"[(0.0, 38713.0546875), (0.008081570267677307, 38711.296875), (0.03441576333716512, 38702.4765625)]",,model.layers.6.mlp.gate_proj
Our Tetris,0.23817460425198078,0.2380937971174717,38784.00390625,38827.8046875,0.11280777165364946,1.1955128515131535,"[(0.0, 38827.8046875), (0.03876668494194746, 38827.8046875), (0.05800178600475192, 38823.9296875), (0.1350111961364746, 38818.3828125), (0.15466661006212234, 38815.21484375), (0.19504303019493818, 38806.609375), (0.21640742616727948, 38792.8828125), (0.2380937971174717, 38784.00390625)]",1.0,model.layers.6.mlp.gate_proj
Sort Columns,0.0012654797174036503,0.0012654797174036503,37413.10546875,37684.875,0.7211634143671698,2.000686900382402,"[(0.0, 37684.875), (0.0012654797174036503, 37413.10546875)]",,model.layers.6.mlp.up_proj
Original Tetris,0.013745814096182585,0.0,37684.875,37684.875,0.0,0.0,"[(0.0, 37684.875)]",,model.layers.6.mlp.up_proj
Random Swaps,0.03979197610169649,0.0,37413.10546875,37413.10546875,0.0,2.000686900382402,"[(0.0, 37413.10546875)]",,model.layers.6.mlp.up_proj
Our Tetris,0.26300382707268,0.19706693198531866,37642.5859375,37684.875,0.1122176005625599,1.0812419633149255,"[(0.0, 37684.875), (0.04369765007868409, 37684.875), (0.10932947183027864, 37681.1484375), (0.1311537828296423, 37662.90625), (0.1532847718335688, 37655.5), (0.17519575683400035, 37654.015625), (0.19706693198531866, 37642.5859375)]",1.0,model.layers.6.mlp.up_proj
Sort Columns,0.0012845471501350403,0.0012845471501350403,37084.859375,37164.6953125,0.2148166070748007,1.9990093342684079,"[(0.0, 37164.6953125), (0.0012845471501350403, 37084.859375)]",,model.layers.6.mlp.down_proj
Original Tetris,0.013957855757325888,0.0,37164.6953125,37164.6953125,0.0,0.0,"[(0.0, 37164.6953125)]",,model.layers.6.mlp.down_proj
Random Swaps,0.09326048102229834,0.06509675830602646,37066.03515625,37084.859375,0.05075984934889618,1.9970077955775458,"[(0.0, 37084.859375), (0.009833015967160463, 37080.859375), (0.046773174311965704, 37072.40234375), (0.056149767246097326, 37071.0390625), (0.06509675830602646, 37066.03515625)]",,model.layers.6.mlp.down_proj
Our Tetris,2.3004519240930676,0.0,37164.6953125,37164.6953125,0.0,0.9091832833279053,"[(0.0, 37164.6953125), (0.4049453060142696, 37164.6953125)]",1.0,model.layers.6.mlp.down_proj
Sort Columns,0.0011316617019474506,0.0011316617019474506,12976.962890625,13182.6416015625,1.5602237939406733,1.9930803977608882,"[(0.0, 13182.6416015625), (0.0011316617019474506, 12976.962890625)]",,model.layers.7.self_attn.q_proj
Original Tetris,0.011618683580309153,0.0,13182.6416015625,13182.6416015625,0.0,0.0,"[(0.0, 13182.6416015625)]",,model.layers.7.self_attn.q_proj
Random Swaps,0.03330065496265888,0.0,12976.962890625,12976.962890625,0.0,1.9930803977608882,"[(0.0, 12976.962890625)]",,model.layers.7.self_attn.q_proj
Our Tetris,0.23212992819026113,0.23206120217218995,13147.55078125,13182.6416015625,0.26618959517446633,1.1233776124027943,"[(0.0, 13182.6416015625), (0.018524869810789824, 13177.33984375), (0.04091448709368706, 13177.33984375), (0.06043405784294009, 13174.310546875), (0.07951843878254294, 13165.51953125), (0.09838267508894205, 13164.814453125), (0.11734483111649752, 13160.416015625), (0.1751799019984901, 13153.294921875), (0.23206120217218995, 13147.55078125)]",2.0,model.layers.7.self_attn.q_proj
Sort Columns,0.0010813050903379917,0.0010813050903379917,4581.7783203125,4647.77490234375,1.4199608074386234,2.0047582254172855,"[(0.0, 4647.77490234375), (0.0010813050903379917, 4581.7783203125)]",,model.layers.7.self_attn.k_proj
Original Tetris,0.011422285810112953,0.0,4647.77490234375,4647.77490234375,0.0,0.0,"[(0.0, 4647.77490234375)]",,model.layers.7.self_attn.k_proj
Random Swaps,0.03332838322967291,0.0,4581.7783203125,4581.7783203125,0.0,2.0047582254172855,"[(0.0, 4581.7783203125)]",,model.layers.7.self_attn.k_proj
Our Tetris,0.22867271304130554,0.22858610888943076,4641.32373046875,4647.77490234375,0.13880129762194043,1.0485875636163036,"[(0.0, 4647.77490234375), (0.037886945996433496, 4647.77490234375), (0.05719049274921417, 4644.00830078125), (0.07624072069302201, 4641.681640625), (0.22858610888943076, 4641.32373046875)]",1.0,model.layers.7.self_attn.k_proj
Sort Columns,0.0010801870375871658,0.0010801870375871658,3810.09912109375,3944.771728515625,3.41395185045475,2.003877809433365,"[(0.0, 3944.771728515625), (0.0010801870375871658, 3810.09912109375)]",,model.layers.7.self_attn.v_proj
Original Tetris,0.013552908319979906,0.004751469008624554,3937.9814453125,3944.771728515625,0.17213374234154,0.0025410315083902644,"[(0.0, 3944.771728515625), (0.0037492262199521065, 3942.086181640625), (0.004751469008624554, 3937.9814453125)]",,model.layers.7.self_attn.v_proj
Random Swaps,0.033242755103856325,0.0038280789740383625,3809.982421875,3810.09912109375,0.003062891936430767,2.0069939829845085,"[(0.0, 3810.09912109375), (0.0038280789740383625, 3809.982421875)]",,model.layers.7.self_attn.v_proj
Our Tetris,0.22851857030764222,0.22844753973186016,3918.76025390625,3944.771728515625,0.6593911232263581,1.2705433104873243,"[(0.0, 3944.771728515625), (0.003983687609434128, 3942.176025390625), (0.008346482645720243, 3938.78466796875), (0.011994995642453432, 3937.033203125), (0.03781877877190709, 3937.033203125), (0.05714684072881937, 3935.666015625), (0.07621662504971027, 3933.05029296875), (0.17096761893481016, 3930.82470703125), (0.19063818966969848, 3925.6806640625), (0.20959922764450312, 3922.8720703125), (0.22844753973186016, 3918.76025390625)]",4.0,model.layers.7.self_attn.v_proj
Sort Columns,0.0010966002009809017,0.0010966002009809017,10988.8046875,11025.00390625,0.3283374687012937,2.0037610964886414,"[(0.0, 11025.00390625), (0.0010966002009809017, 10988.8046875)]",,model.layers.7.self_attn.o_proj
Original Tetris,0.01152460603043437,0.0,11025.00390625,11025.00390625,0.0,0.0,"[(0.0, 11025.00390625)]",,model.layers.7.self_attn.o_proj
Random Swaps,0.03330086404457688,0.0,10988.8046875,10988.8046875,0.0,2.0037610964886414,"[(0.0, 10988.8046875)]",,model.layers.7.self_attn.o_proj
Our Tetris,0.2298385980539024,0.19169672578573227,11021.126953125,11025.00390625,0.03516509525046228,1.0004091881377466,"[(0.0, 11025.00390625), (0.03805407974869013, 11025.00390625), (0.19169672578573227, 11021.126953125)]",1.0,model.layers.7.self_attn.o_proj
Sort Columns,0.001086752861738205,0.001086752861738205,38213.4375,38257.57421875,0.11536726949187656,1.9925216671987012,"[(0.0, 38257.57421875), (0.001086752861738205, 38213.4375)]",,model.layers.7.mlp.gate_proj
Original Tetris,0.011585230007767677,0.0,38257.57421875,38257.57421875,0.0,0.0,"[(0.0, 38257.57421875)]",,model.layers.7.mlp.gate_proj
Random Swaps,0.03348769387230277,0.0038159959949553013,38210.65625,38213.4375,0.00727819893198564,1.9913631306576067,"[(0.0, 38213.4375), (0.0038159959949553013, 38210.65625)]",,model.layers.7.mlp.gate_proj
Our Tetris,0.2297086901962757,0.22963912691920996,38238.890625,38257.57421875,0.048836326221758174,1.0510992786192046,"[(0.0, 38257.57421875), (0.03808592725545168, 38257.57421875), (0.13386123487725854, 38253.359375), (0.19094179617241025, 38244.91796875), (0.2106407219544053, 38243.17578125), (0.22963912691920996, 38238.890625)]",1.0,model.layers.7.mlp.gate_proj
Sort Columns,0.0011646267957985401,0.0011646267957985401,38037.1171875,38265.7578125,0.5975071135931133,2.001288444308046,"[(0.0, 38265.7578125), (0.0011646267957985401, 38037.1171875)]",,model.layers.7.mlp.up_proj
Original Tetris,0.011514129117131233,0.0,38265.7578125,38265.7578125,0.0,0.0,"[(0.0, 38265.7578125)]",,model.layers.7.mlp.up_proj
Random Swaps,0.03318513510748744,0.029784283135086298,38024.99609375,38037.1171875,0.03186648896195349,2.0011614196797907,"[(0.0, 38037.1171875), (0.02306855795904994, 38030.453125), (0.029784283135086298, 38024.99609375)]",,model.layers.7.mlp.up_proj
Our Tetris,0.23082540603354573,0.1731486669741571,38262.65234375,38265.7578125,0.0081155292029407,1.1653522610474216,"[(0.0, 38265.7578125), (0.038043532986193895, 38265.7578125), (0.05720690591260791, 38264.3046875), (0.1731486669741571, 38262.65234375)]",1.0,model.layers.7.mlp.up_proj
Sort Columns,0.0011265631765127182,0.0011265631765127182,37178.9921875,37281.125,0.27395313982611846,2.0023241432792505,"[(0.0, 37281.125), (0.0011265631765127182, 37178.9921875)]",,model.layers.7.mlp.down_proj
Original Tetris,0.012168415822088718,0.0,37281.125,37281.125,0.0,0.0,"[(0.0, 37281.125)]",,model.layers.7.mlp.down_proj
Random Swaps,0.07933901296928525,0.0,37178.9921875,37178.9921875,0.0,2.0023241432792505,"[(0.0, 37178.9921875)]",,model.layers.7.mlp.down_proj
Our Tetris,2.2678723270073533,1.700221724808216,37278.03125,37281.125,0.008298435200118023,1.0141203546661794,"[(0.0, 37281.125), (0.37620517099276185, 37281.125), (1.700221724808216, 37278.03125)]",1.0,model.layers.7.mlp.down_proj
Sort Columns,0.0011066580191254616,0.0011066580191254616,13449.83984375,13702.310546875,1.8425410974397993,1.9859091079933806,"[(0.0, 13702.310546875), (0.0011066580191254616, 13449.83984375)]",,model.layers.8.self_attn.q_proj
Original Tetris,0.011008467990905046,0.0,13702.310546875,13702.310546875,0.0,0.0,"[(0.0, 13702.310546875)]",,model.layers.8.self_attn.q_proj
Random Swaps,0.03331448370590806,0.0,13449.83984375,13449.83984375,0.0,1.9859091079933806,"[(0.0, 13449.83984375)]",,model.layers.8.self_attn.q_proj
Our Tetris,0.23182415589690208,0.2128576710820198,13676.8359375,13702.310546875,0.18591469874991146,1.0999844820522096,"[(0.0, 13702.310546875), (0.04084527399390936, 13702.310546875), (0.11748514603823423, 13698.8037109375), (0.1557233310304582, 13695.373046875), (0.17478941334411502, 13694.751953125), (0.19387449230998755, 13693.962890625), (0.2128576710820198, 13676.8359375)]",1.0,model.layers.8.self_attn.q_proj
Sort Columns,0.0010607009753584862,0.0010607009753584862,4793.3017578125,4830.79296875,0.7760881325287078,2.0123925857538527,"[(0.0, 4830.79296875), (0.0010607009753584862, 4793.3017578125)]",,model.layers.8.self_attn.k_proj
Original Tetris,0.01078175799921155,0.0,4830.79296875,4830.79296875,0.0,0.0,"[(0.0, 4830.79296875)]",,model.layers.8.self_attn.k_proj
Random Swaps,0.03303113067522645,0.029244191013276577,4778.27490234375,4793.3017578125,0.31349696363801943,2.010140141561916,"[(0.0, 4793.3017578125), (0.019886803813278675, 4787.78271484375), (0.02297720406204462, 4781.6728515625), (0.029244191013276577, 4778.27490234375)]",,model.layers.8.self_attn.k_proj
Our Tetris,0.22924304893240333,0.22917027305811644,4817.47314453125,4830.79296875,0.27572749039163635,1.2025763637367928,"[(0.0, 4830.79296875), (0.037895257119089365, 4830.79296875), (0.05696657719090581, 4826.990234375), (0.07605570694431663, 4823.236328125), (0.11411425611004233, 4821.9150390625), (0.15283030504360795, 4821.73046875), (0.1718535041436553, 4819.5166015625), (0.22917027305811644, 4817.47314453125)]",1.0,model.layers.8.self_attn.k_proj
Sort Columns,0.0011203465983271599,0.0011203465983271599,3709.43212890625,3807.44775390625,2.57431306573914,2.0023180405256378,"[(0.0, 3807.44775390625), (0.0011203465983271599, 3709.43212890625)]",,model.layers.8.self_attn.v_proj
Original Tetris,0.012194675859063864,0.004069595132023096,3803.175048828125,3807.44775390625,0.11221966404506586,0.0010284393312914926,"[(0.0, 3807.44775390625), (0.0030769910663366318, 3805.10546875), (0.004069595132023096, 3803.175048828125)]",,model.layers.8.self_attn.v_proj
Random Swaps,0.03342246077954769,0.0,3709.43212890625,3709.43212890625,0.0,2.0023180405256378,"[(0.0, 3709.43212890625)]",,model.layers.8.self_attn.v_proj
Our Tetris,0.229649743065238,0.21060559200122952,3786.64892578125,3807.44775390625,0.5462669344224473,1.0738049365162188,"[(0.0, 3807.44775390625), (0.0039940946735441685, 3805.86767578125), (0.007649312727153301, 3800.178955078125), (0.01128797885030508, 3796.2080078125), (0.019145633094012737, 3796.009765625), (0.0228540007956326, 3795.806884765625), (0.037930667866021395, 3795.806884765625), (0.09498873865231872, 3792.7919921875), (0.1342605957761407, 3792.5234375), (0.15351134166121483, 3792.49853515625), (0.17253356287255883, 3790.092041015625), (0.21060559200122952, 3786.64892578125)]",6.0,model.layers.8.self_attn.v_proj
Sort Columns,0.0010894057340919971,0.0010894057340919971,10940.994140625,10958.90625,0.16344796612344412,2.0040614523703737,"[(0.0, 10958.90625), (0.0010894057340919971, 10940.994140625)]",,model.layers.8.self_attn.o_proj
Original Tetris,0.010911317076534033,0.0,10958.90625,10958.90625,0.0,0.0,"[(0.0, 10958.90625)]",,model.layers.8.self_attn.o_proj
Random Swaps,0.03334116376936436,0.0,10940.994140625,10940.994140625,0.0,2.0040614523703737,"[(0.0, 10940.994140625)]",,model.layers.8.self_attn.o_proj
Our Tetris,0.22942338325083256,0.0,10958.90625,10958.90625,0.0,1.014035100603043,"[(0.0, 10958.90625), (0.037783019710332155, 10958.90625)]",1.0,model.layers.8.self_attn.o_proj
Sort Columns,0.0011042128317058086,0.0011042128317058086,37572.3125,37639.97265625,0.17975612487264983,1.9931159125806321,"[(0.0, 37639.97265625), (0.0011042128317058086, 37572.3125)]",,model.layers.8.mlp.gate_proj
Original Tetris,0.010974594857543707,0.0,37639.97265625,37639.97265625,0.0,0.0,"[(0.0, 37639.97265625)]",,model.layers.8.mlp.gate_proj
Random Swaps,0.03314029565081,0.02664247900247574,37538.40625,37572.3125,0.09024264875897643,1.9935917688423943,"[(0.0, 37572.3125), (0.007480083964765072, 37567.86328125), (0.010583335068076849, 37557.3515625), (0.02041313797235489, 37555.4609375), (0.023536922875791788, 37543.953125), (0.02664247900247574, 37538.40625)]",,model.layers.8.mlp.gate_proj
Our Tetris,0.2295521032065153,0.2103773457929492,37628.62890625,37639.97265625,0.030137508609790142,1.0964899068349314,"[(0.0, 37639.97265625), (0.03799010394141078, 37639.97265625), (0.05721361096948385, 37639.7421875), (0.1340299746952951, 37639.1484375), (0.2103773457929492, 37628.62890625)]",1.0,model.layers.8.mlp.gate_proj
Sort Columns,0.0015595168806612492,0.0015595168806612492,38704.5,38931.3671875,0.5827362455763999,1.9979084581103252,"[(0.0, 38931.3671875), (0.0015595168806612492, 38704.5)]",,model.layers.8.mlp.up_proj
Original Tetris,0.01096635265275836,0.0,38931.3671875,38931.3671875,0.0,0.0,"[(0.0, 38931.3671875)]",,model.layers.8.mlp.up_proj
Random Swaps,0.033468347042798996,0.02372878137975931,38696.3515625,38704.5,0.021052946039866165,1.9982959262441924,"[(0.0, 38704.5), (0.004413081333041191, 38697.15625), (0.02372878137975931, 38696.3515625)]",,model.layers.8.mlp.up_proj
Our Tetris,0.22986402083188295,0.2297948058694601,38861.609375,38931.3671875,0.179181512336915,1.2407638208334402,"[(0.0, 38931.3671875), (0.0380816669203341, 38931.3671875), (0.05714111402630806, 38922.1328125), (0.09541715402156115, 38913.03125), (0.11451466521248221, 38908.2734375), (0.1341859339736402, 38897.421875), (0.15329489903524518, 38892.25), (0.17269524792209268, 38886.234375), (0.19163854699581861, 38879.75), (0.2297948058694601, 38861.609375)]",1.0,model.layers.8.mlp.up_proj
Sort Columns,0.0014562210999429226,0.0014562210999429226,37297.2890625,37571.98828125,0.7311277132679359,2.0034327125330442,"[(0.0, 37571.98828125), (0.0014562210999429226, 37297.2890625)]",,model.layers.8.mlp.down_proj
Original Tetris,0.011619103141129017,0.0,37571.98828125,37571.98828125,0.0,0.0,"[(0.0, 37571.98828125)]",,model.layers.8.mlp.down_proj
Random Swaps,0.07932476606220007,0.0,37297.2890625,37297.2890625,0.0,2.0034327125330442,"[(0.0, 37297.2890625)]",,model.layers.8.mlp.down_proj
Our Tetris,2.2730052089318633,0.0,37571.98828125,37571.98828125,0.0,1.010846394258694,"[(0.0, 37571.98828125), (0.3783049210906029, 37571.98828125)]",1.0,model.layers.8.mlp.down_proj
Sort Columns,0.0011639287695288658,0.0011639287695288658,15047.32421875,15147.896484375,0.6639355221943848,1.9945781982225181,"[(0.0, 15147.896484375), (0.0011639287695288658, 15047.32421875)]",,model.layers.9.self_attn.q_proj
Original Tetris,0.010962511878460646,0.0,15147.896484375,15147.896484375,0.0,0.0,"[(0.0, 15147.896484375)]",,model.layers.9.self_attn.q_proj
Random Swaps,0.03332530939951539,0.026817016303539276,15035.94140625,15047.32421875,0.07564675509427939,1.990693160927356,"[(0.0, 15047.32421875), (0.007672082167118788, 15046.271484375), (0.01387530192732811, 15044.9453125), (0.026817016303539276, 15035.94140625)]",,model.layers.9.self_attn.q_proj
Our Tetris,0.23286271700635552,0.19471085770055652,15105.48828125,15147.896484375,0.27996100428032306,1.1456322240175172,"[(0.0, 15147.896484375), (0.040983771905303, 15147.896484375), (0.059961154125630856, 15139.8388671875), (0.09929740615189075, 15131.025390625), (0.1756862630136311, 15130.123046875), (0.19471085770055652, 15105.48828125)]",1.0,model.layers.9.self_attn.q_proj
Sort Columns,0.0015748832374811172,0.0015748832374811172,5158.6630859375,5207.314453125,0.934289020289594,2.0041371455785253,"[(0.0, 5207.314453125), (0.0015748832374811172, 5158.6630859375)]",,model.layers.9.self_attn.k_proj
Original Tetris,0.010823873337358236,0.0,5207.314453125,5207.314453125,0.0,0.0,"[(0.0, 5207.314453125)]",,model.layers.9.self_attn.k_proj
Random Swaps,0.03317151591181755,0.0,5158.6630859375,5158.6630859375,0.0,2.0041371455785253,"[(0.0, 5158.6630859375)]",,model.layers.9.self_attn.k_proj
Our Tetris,0.22842225804924965,0.19050632696598768,5195.875,5207.314453125,0.21968047499292048,1.0999872507211226,"[(0.0, 5207.314453125), (0.03808159800246358, 5207.314453125), (0.15226891078054905, 5203.19091796875), (0.1715079229325056, 5201.90234375), (0.19050632696598768, 5195.875)]",1.0,model.layers.9.self_attn.k_proj
Sort Columns,0.0010796990245580673,0.0010796990245580673,3514.45947265625,3586.334228515625,2.004128764348988,1.9844362247353506,"[(0.0, 3586.334228515625), (0.0010796990245580673, 3514.45947265625)]",,model.layers.9.self_attn.v_proj
Original Tetris,0.01115981675684452,0.002977744210511446,3586.20751953125,3586.334228515625,0.0035331058485155342,0.00013390727999581611,"[(0.0, 3586.334228515625), (0.0019815079867839813, 3586.2236328125), (0.002977744210511446, 3586.20751953125)]",,model.layers.9.self_attn.v_proj
Random Swaps,0.03337454795837402,0.0,3514.45947265625,3514.45947265625,0.0,1.9844362247353506,"[(0.0, 3514.45947265625)]",,model.layers.9.self_attn.v_proj
Our Tetris,0.22876749001443386,0.22869457490742207,3569.398681640625,3586.334228515625,0.472224444122978,1.216264693936484,"[(0.0, 3586.334228515625), (0.004520708695054054, 3586.33251953125), (0.011848815716803074, 3586.046875), (0.03420714382082224, 3580.59619140625), (0.0382605348713696, 3580.1982421875), (0.03828407172113657, 3580.1982421875), (0.05731802573427558, 3578.10205078125), (0.11426162486895919, 3576.315185546875), (0.13325039111077785, 3572.03564453125), (0.15278399968519807, 3571.2021484375), (0.17173861293122172, 3571.08154296875), (0.19074889086186886, 3570.372314453125), (0.2097878740169108, 3570.0556640625), (0.22869457490742207, 3569.398681640625)]",5.0,model.layers.9.self_attn.v_proj
Sort Columns,0.0010947147384285927,0.0010947147384285927,10653.4560546875,10662.947265625,0.08901114017601475,2.005685200943602,"[(0.0, 10662.947265625), (0.0010947147384285927, 10653.4560546875)]",,model.layers.9.self_attn.o_proj
Original Tetris,0.011473970022052526,0.0,10662.947265625,10662.947265625,0.0,0.0,"[(0.0, 10662.947265625)]",,model.layers.9.self_attn.o_proj
Random Swaps,0.03337252326309681,0.0,10653.4560546875,10653.4560546875,0.0,2.005685200943602,"[(0.0, 10653.4560546875)]",,model.layers.9.self_attn.o_proj
Our Tetris,0.22932490473613143,0.0,10662.947265625,10662.947265625,0.0,0.9432364483294353,"[(0.0, 10662.947265625), (0.03867169888690114, 10662.947265625)]",1.0,model.layers.9.self_attn.o_proj
Sort Columns,0.0011173440143465996,0.0011173440143465996,36272.05859375,36367.890625,0.2635072576470057,1.9962275487610313,"[(0.0, 36367.890625), (0.0011173440143465996, 36272.05859375)]",,model.layers.9.mlp.gate_proj
Original Tetris,0.011462864931672812,0.0,36367.890625,36367.890625,0.0,0.0,"[(0.0, 36367.890625)]",,model.layers.9.mlp.gate_proj
Random Swaps,0.034219016786664724,0.01701745530590415,36261.140625,36272.05859375,0.030100218110811233,1.998788152182095,"[(0.0, 36272.05859375), (0.0038570640608668327, 36269.453125), (0.010717503260821104, 36267.234375), (0.01701745530590415, 36261.140625)]",,model.layers.9.mlp.gate_proj
Our Tetris,0.23053800268098712,0.0580215509980917,36365.1328125,36367.890625,0.007583097211869159,1.0970090595785513,"[(0.0, 36367.890625), (0.03888967726379633, 36367.890625), (0.0580215509980917, 36365.1328125)]",1.0,model.layers.9.mlp.gate_proj
Sort Columns,0.0011232108809053898,0.0011232108809053898,39703.98046875,39983.984375,0.700290155237937,2.0012009273049465,"[(0.0, 39983.984375), (0.0011232108809053898, 39703.98046875)]",,model.layers.9.mlp.up_proj
Original Tetris,0.011497088242322206,0.0,39983.984375,39983.984375,0.0,0.0,"[(0.0, 39983.984375)]",,model.layers.9.mlp.up_proj
Random Swaps,0.03403763519600034,0.0,39703.98046875,39703.98046875,0.0,2.0012009273049465,"[(0.0, 39703.98046875)]",,model.layers.9.mlp.up_proj
Our Tetris,0.22929459298029542,0.22922328393906355,39946.4921875,39983.984375,0.09376801258316318,1.1942549152020152,"[(0.0, 39983.984375), (0.03828868083655834, 39983.984375), (0.05722143314778805, 39983.67578125), (0.07634869776666164, 39956.02734375), (0.11464890278875828, 39954.4609375), (0.19103901693597436, 39951.4609375), (0.22922328393906355, 39946.4921875)]",1.0,model.layers.9.mlp.up_proj
Sort Columns,0.0010912916623055935,0.0010912916623055935,38139.26171875,38416.1875,0.720857011774008,1.9983661124835437,"[(0.0, 38416.1875), (0.0010912916623055935, 38139.26171875)]",,model.layers.9.mlp.down_proj
Original Tetris,0.012071054894477129,0.0,38416.1875,38416.1875,0.0,0.0,"[(0.0, 38416.1875)]",,model.layers.9.mlp.down_proj
Random Swaps,0.07950949994847178,0.0,38139.26171875,38139.26171875,0.0,1.9983661124835437,"[(0.0, 38139.26171875)]",,model.layers.9.mlp.down_proj
Our Tetris,2.238821464125067,1.6772355837747455,38390.9765625,38416.1875,0.06562581854328986,1.1214441317112744,"[(0.0, 38416.1875), (0.3749816669151187, 38416.1875), (0.7491285726428032, 38403.609375), (1.1204128358513117, 38398.69140625), (1.6772355837747455, 38390.9765625)]",1.0,model.layers.9.mlp.down_proj
Sort Columns,0.0011163647286593914,0.0011163647286593914,15795.83984375,15934.6640625,0.8712089455133437,1.991476702984012,"[(0.0, 15934.6640625), (0.0011163647286593914, 15795.83984375)]",,model.layers.10.self_attn.q_proj
Original Tetris,0.012105836067348719,0.0,15934.6640625,15934.6640625,0.0,0.0,"[(0.0, 15934.6640625)]",,model.layers.10.self_attn.q_proj
Random Swaps,0.03519891016185284,0.018122157081961632,15794.416015625,15795.83984375,0.009013943792063526,1.9907423904595571,"[(0.0, 15795.83984375), (0.018122157081961632, 15794.416015625)]",,model.layers.10.self_attn.q_proj
Our Tetris,0.23269348870962858,0.21353772887960076,15913.296875,15934.6640625,0.1340924880260556,1.0700552300993038,"[(0.0, 15934.6640625), (0.04171690996736288, 15934.6640625), (0.060654830653220415, 15931.109375), (0.136788971722126, 15926.2958984375), (0.15633647982031107, 15917.6396484375), (0.21353772887960076, 15913.296875)]",1.0,model.layers.10.self_attn.q_proj
Sort Columns,0.0010655210353434086,0.0010655210353434086,5594.0107421875,5616.0029296875,0.3915985759862085,1.9826617076922237,"[(0.0, 5616.0029296875), (0.0010655210353434086, 5594.0107421875)]",,model.layers.10.self_attn.k_proj
Original Tetris,0.01140678208321333,0.0,5616.0029296875,5616.0029296875,0.0,0.0,"[(0.0, 5616.0029296875)]",,model.layers.10.self_attn.k_proj
Random Swaps,0.03598387213423848,0.011545209679752588,5586.94384765625,5594.0107421875,0.12632965607224664,1.984781368930717,"[(0.0, 5594.0107421875), (0.00800970196723938, 5591.57568359375), (0.011545209679752588, 5586.94384765625)]",,model.layers.10.self_attn.k_proj
Our Tetris,0.22945055179297924,0.19120482401922345,5602.1767578125,5616.0029296875,0.24619239071104526,1.150985400129984,"[(0.0, 5616.0029296875), (0.03822177182883024, 5616.0029296875), (0.05758957518264651, 5614.46630859375), (0.07659992203116417, 5613.5283203125), (0.09551954409107566, 5605.0517578125), (0.19120482401922345, 5602.1767578125)]",1.0,model.layers.10.self_attn.k_proj
Sort Columns,0.0011107083410024643,0.0011107083410024643,3843.16796875,3887.26171875,1.1343138998672546,1.995914358095921,"[(0.0, 3887.26171875), (0.0011107083410024643, 3843.16796875)]",,model.layers.10.self_attn.v_proj
Original Tetris,0.012386254966259003,0.004875090904533863,3883.89697265625,3887.26171875,0.08655825970040366,0.001603102148424408,"[(0.0, 3887.26171875), (0.0024725720286369324, 3886.20458984375), (0.003851965069770813, 3884.3671875), (0.004875090904533863, 3883.89697265625)]",,model.layers.10.self_attn.v_proj
Random Swaps,0.03551466763019562,0.03141511091962457,3841.6572265625,3843.16796875,0.03930981418934371,1.9955937015550649,"[(0.0, 3843.16796875), (0.03141511091962457, 3841.6572265625)]",,model.layers.10.self_attn.v_proj
Our Tetris,0.22902695601806045,0.19051240291446447,3877.4853515625,3887.26171875,0.251497529490855,1.123285617479602,"[(0.0, 3887.26171875), (0.004066661931574345, 3886.37890625), (0.007692127022892237, 3883.695068359375), (0.037431082688272, 3884.015625), (0.05643709981814027, 3883.8759765625), (0.09488257765769958, 3879.6484375), (0.17159878788515925, 3877.60888671875), (0.19051240291446447, 3877.4853515625)]",3.0,model.layers.10.self_attn.v_proj
Sort Columns,0.0011951490305364132,0.0011951490305364132,11408.32421875,11361.712890625,-0.41024912857515394,1.9944603396642298,"[(0.0, 11361.712890625), (0.0011951490305364132, 11408.32421875)]",,model.layers.10.self_attn.o_proj
Original Tetris,0.012239515781402588,0.0,11361.712890625,11361.712890625,0.0,0.0,"[(0.0, 11361.712890625)]",,model.layers.10.self_attn.o_proj
Random Swaps,0.036439456045627594,0.0,11408.32421875,11408.32421875,0.0,1.9944603396642298,"[(0.0, 11408.32421875)]",,model.layers.10.self_attn.o_proj
Our Tetris,0.23034237418323755,0.230269945692271,11359.68359375,11361.712890625,0.017860835725522103,1.1227670461265737,"[(0.0, 11361.712890625), (0.03866953309625387, 11361.712890625), (0.07758058281615376, 11361.158203125), (0.230269945692271, 11359.68359375)]",1.0,model.layers.10.self_attn.o_proj
Sort Columns,0.0011864881962537766,0.0011864881962537766,35779.01953125,35866.9609375,0.24518778271524697,1.9980058556818634,"[(0.0, 35866.9609375), (0.0011864881962537766, 35779.01953125)]",,model.layers.10.mlp.gate_proj
Original Tetris,0.012151792645454407,0.0,35866.9609375,35866.9609375,0.0,0.0,"[(0.0, 35866.9609375)]",,model.layers.10.mlp.gate_proj
Random Swaps,0.03532602312043309,0.03180280840024352,35739.875,35779.01953125,0.1094063833018412,1.9949477124432966,"[(0.0, 35779.01953125), (0.007545317988842726, 35776.75), (0.014754831325262785, 35758.0078125), (0.021445274353027344, 35754.8359375), (0.024831457994878292, 35745.44921875), (0.03180280840024352, 35739.875)]",,model.layers.10.mlp.gate_proj
Our Tetris,0.22967754071578383,0.1917040590196848,35827.40625,35866.9609375,0.11028168115198288,1.2183084028870839,"[(0.0, 35866.9609375), (0.03862825594842434, 35866.9609375), (0.05817688209936023, 35858.85546875), (0.13418998522683978, 35852.03125), (0.15313167730346322, 35847.65234375), (0.17223205231130123, 35836.51171875), (0.1917040590196848, 35827.40625)]",1.0,model.layers.10.mlp.gate_proj
Sort Columns,0.0010622371919453144,0.0010622371919453144,39634.94921875,39936.8203125,0.7558716277057141,1.9978594281299638,"[(0.0, 39936.8203125), (0.0010622371919453144, 39634.94921875)]",,model.layers.10.mlp.up_proj
Original Tetris,3.6659107068553567,0.0,39936.8203125,39936.8203125,0.0,0.0,"[(0.0, 39936.8203125)]",,model.layers.10.mlp.up_proj
Random Swaps,0.034615444019436836,0.0,39634.94921875,39634.94921875,0.0,1.9978594281299638,"[(0.0, 39634.94921875)]",,model.layers.10.mlp.up_proj
Our Tetris,0.24499271996319294,0.22393318824470043,39909.4296875,39936.8203125,0.06858489180077987,1.0565716379207308,"[(0.0, 39936.8203125), (0.042330828960984945, 39936.8203125), (0.06381095387041569, 39934.84375), (0.20258995424956083, 39927.52734375), (0.22393318824470043, 39909.4296875)]",1.0,model.layers.10.mlp.up_proj
Sort Columns,0.0011697248555719852,0.0011697248555719852,38422.81640625,38649.0234375,0.5852852443110323,1.9970350310186533,"[(0.0, 38649.0234375), (0.0011697248555719852, 38422.81640625)]",,model.layers.10.mlp.down_proj
Original Tetris,0.014587069395929575,0.0,38649.0234375,38649.0234375,0.0,0.0,"[(0.0, 38649.0234375)]",,model.layers.10.mlp.down_proj
Random Swaps,0.08064451301470399,0.0,38422.81640625,38422.81640625,0.0,1.9970350310186533,"[(0.0, 38422.81640625)]",,model.layers.10.mlp.down_proj
Our Tetris,2.40013493783772,2.4000593689270318,38620.06640625,38649.0234375,0.07492306059641303,0.9651041145911713,"[(0.0, 38649.0234375), (0.391528591979295, 38649.0234375), (0.5937284748069942, 38645.55078125), (0.7981819021515548, 38639.6953125), (1.0045071141794324, 38624.69921875), (2.18902082182467, 38624.39453125), (2.4000593689270318, 38620.06640625)]",1.0,model.layers.10.mlp.down_proj
Sort Columns,0.0011449307203292847,0.0011449307203292847,15616.154296875,15736.248046875,0.7631663509768387,1.9943950614834858,"[(0.0, 15736.248046875), (0.0011449307203292847, 15616.154296875)]",,model.layers.11.self_attn.q_proj
Original Tetris,0.012611708138138056,0.0,15736.248046875,15736.248046875,0.0,0.0,"[(0.0, 15736.248046875)]",,model.layers.11.self_attn.q_proj
Random Swaps,0.03674501786008477,0.0,15616.154296875,15616.154296875,0.0,1.9943950614834858,"[(0.0, 15616.154296875)]",,model.layers.11.self_attn.q_proj
Our Tetris,0.24964103195816278,0.20848768297582865,15702.88671875,15736.248046875,0.2120030646798625,1.0939675846551917,"[(0.0, 15736.248046875), (0.044407811015844345, 15736.248046875), (0.06451371079310775, 15729.990234375), (0.14690624782815576, 15720.841796875), (0.16683516697958112, 15719.16015625), (0.20848768297582865, 15702.88671875)]",1.0,model.layers.11.self_attn.q_proj
Sort Columns,0.0010843779891729355,0.0010843779891729355,5614.70703125,5645.2958984375,0.5418470127662637,1.9943626136792407,"[(0.0, 5645.2958984375), (0.0010843779891729355, 5614.70703125)]",,model.layers.11.self_attn.k_proj
Original Tetris,0.011171271093189716,0.0,5645.2958984375,5645.2958984375,0.0,0.0,"[(0.0, 5645.2958984375)]",,model.layers.11.self_attn.k_proj
Random Swaps,0.03523900033906102,0.028139837086200714,5611.486328125,5614.70703125,0.0573619087705628,1.9865811457473976,"[(0.0, 5614.70703125), (0.004449748899787664, 5614.2109375), (0.01786660309880972, 5613.04541015625), (0.024910239968448877, 5612.64208984375), (0.028139837086200714, 5611.486328125)]",,model.layers.11.self_attn.k_proj
Our Tetris,0.24300904711708426,0.24293501442298293,5627.2109375,5645.2958984375,0.3203545263677948,1.2043629536356657,"[(0.0, 5645.2958984375), (0.04047706304118037, 5645.2958984375), (0.08258579112589359, 5640.75341796875), (0.16355870524421334, 5636.927734375), (0.18361515598371625, 5633.91357421875), (0.2031248090788722, 5633.5732421875), (0.22350693820044398, 5627.90625), (0.24293501442298293, 5627.2109375)]",1.0,model.layers.11.self_attn.k_proj
Sort Columns,0.0010817931033670902,0.0010817931033670902,3758.814697265625,3824.92822265625,1.7284906158242093,1.994757502606367,"[(0.0, 3824.92822265625), (0.0010817931033670902, 3758.814697265625)]",,model.layers.11.self_attn.v_proj
Original Tetris,0.011470198165625334,0.0,3824.92822265625,3824.92822265625,0.0,0.0,"[(0.0, 3824.92822265625)]",,model.layers.11.self_attn.v_proj
Random Swaps,0.03403344377875328,0.0,3758.814697265625,3758.814697265625,0.0,1.994757502606367,"[(0.0, 3758.814697265625)]",,model.layers.11.self_attn.v_proj
Our Tetris,0.2358592487871647,0.21576899383217096,3815.0703125,3824.92822265625,0.2577279776874898,1.2086520132075385,"[(0.0, 3824.92822265625), (0.03896147618070245, 3824.92822265625), (0.058066879864782095, 3820.49560546875), (0.09671441279351711, 3817.66845703125), (0.15560864889994264, 3816.060546875), (0.1773128998465836, 3815.5478515625), (0.21576899383217096, 3815.0703125)]",1.0,model.layers.11.self_attn.v_proj
Sort Columns,0.0011055399663746357,0.0011055399663746357,10986.4951171875,10972.6474609375,-0.12620159628109348,1.9974260465990525,"[(0.0, 10972.6474609375), (0.0011055399663746357, 10986.4951171875)]",,model.layers.11.self_attn.o_proj
Original Tetris,0.011712133884429932,0.0,10972.6474609375,10972.6474609375,0.0,0.0,"[(0.0, 10972.6474609375)]",,model.layers.11.self_attn.o_proj
Random Swaps,0.03361850883811712,0.0,10986.4951171875,10986.4951171875,0.0,1.9974260465990525,"[(0.0, 10986.4951171875)]",,model.layers.11.self_attn.o_proj
Our Tetris,0.23343808203935623,0.0,10972.6474609375,10972.6474609375,0.0,1.012564217085148,"[(0.0, 10972.6474609375), (0.038013920187950134, 10972.6474609375)]",1.0,model.layers.11.self_attn.o_proj
Sort Columns,0.001145211048424244,0.001145211048424244,34863.796875,34972.35546875,0.3104125881569628,1.9962789936094363,"[(0.0, 34972.35546875), (0.001145211048424244, 34863.796875)]",,model.layers.11.mlp.gate_proj
Original Tetris,0.012084675021469593,0.0,34972.35546875,34972.35546875,0.0,0.0,"[(0.0, 34972.35546875)]",,model.layers.11.mlp.gate_proj
Random Swaps,0.03533531213179231,0.0352953621186316,34859.34375,34863.796875,0.012772920333279104,1.9982763037631701,"[(0.0, 34863.796875), (0.007255889009684324, 34861.3984375), (0.0352953621186316, 34859.34375)]",,model.layers.11.mlp.gate_proj
Our Tetris,0.23281955532729626,0.2327457321807742,34958.09375,34972.35546875,0.040779977667628774,0.9693060193775805,"[(0.0, 34972.35546875), (0.0413842499256134, 34972.35546875), (0.13667086884379387, 34969.3359375), (0.19457082403823733, 34962.765625), (0.2327457321807742, 34958.09375)]",1.0,model.layers.11.mlp.gate_proj
Sort Columns,0.0010960418730974197,0.0010960418730974197,39509.28515625,39887.546875,0.9483203365085359,1.9937578929811899,"[(0.0, 39887.546875), (0.0010960418730974197, 39509.28515625)]",,model.layers.11.mlp.up_proj
Original Tetris,0.011692646890878677,0.0,39887.546875,39887.546875,0.0,0.0,"[(0.0, 39887.546875)]",,model.layers.11.mlp.up_proj
Random Swaps,0.03367152018472552,0.0,39509.28515625,39509.28515625,0.0,1.9937578929811899,"[(0.0, 39509.28515625)]",,model.layers.11.mlp.up_proj
Our Tetris,0.23046082677319646,0.23038721270859241,39795.55859375,39887.546875,0.2306190489434555,1.2917502525700282,"[(0.0, 39887.546875), (0.038679870776832104, 39887.546875), (0.057815934997051954, 39884.03515625), (0.07688634702935815, 39883.984375), (0.09596430277451873, 39881.8125), (0.11509002977982163, 39864.2265625), (0.13436040189117193, 39848.4296875), (0.1541580855846405, 39845.2265625), (0.173134280834347, 39830.77734375), (0.19224694790318608, 39808.0234375), (0.21133831283077598, 39797.109375), (0.23038721270859241, 39795.55859375)]",1.0,model.layers.11.mlp.up_proj
Sort Columns,0.0011519859544932842,0.0011519859544932842,38105.4375,38444.21875,0.8812280780188829,2.000255278053854,"[(0.0, 38444.21875), (0.0011519859544932842, 38105.4375)]",,model.layers.11.mlp.down_proj
Original Tetris,0.012136566918343306,0.0,38444.21875,38444.21875,0.0,0.0,"[(0.0, 38444.21875)]",,model.layers.11.mlp.down_proj
Random Swaps,0.07995397783815861,0.0,38105.4375,38105.4375,0.0,2.000255278053854,"[(0.0, 38105.4375)]",,model.layers.11.mlp.down_proj
Our Tetris,2.2920672460459173,1.9113088180311024,38431.59375,38444.21875,0.032839788167109,0.9509719813201297,"[(0.0, 38444.21875), (0.3786109732463956, 38444.21875), (1.1435737269930542, 38442.10546875), (1.9113088180311024, 38431.59375)]",1.0,model.layers.11.mlp.down_proj
Sort Columns,0.0011391350999474525,0.0011391350999474525,14846.15625,14896.4521484375,0.3376367603260188,2.0018057563564366,"[(0.0, 14896.4521484375), (0.0011391350999474525, 14846.15625)]",,model.layers.12.self_attn.q_proj
Original Tetris,0.012587960809469223,0.0,14896.4521484375,14896.4521484375,0.0,0.0,"[(0.0, 14896.4521484375)]",,model.layers.12.self_attn.q_proj
Random Swaps,0.03555231401696801,0.03198412014171481,14831.923828125,14846.15625,0.09586603855796008,2.0037206709749342,"[(0.0, 14846.15625), (0.008055169135332108, 14844.7578125), (0.025611671153455973, 14834.880859375), (0.03198412014171481, 14831.923828125)]",,model.layers.12.self_attn.q_proj
Our Tetris,0.2339055398479104,0.1377654429525137,14894.1357421875,14896.4521484375,0.015550053307444548,0.9290869995219487,"[(0.0, 14896.4521484375), (0.04123199312016368, 14896.4521484375), (0.1377654429525137, 14894.1357421875)]",1.0,model.layers.12.self_attn.q_proj
Sort Columns,0.0011378070339560509,0.0011378070339560509,5351.45068359375,5373.8173828125,0.4162162132693076,1.9906630009594264,"[(0.0, 5373.8173828125), (0.0011378070339560509, 5351.45068359375)]",,model.layers.12.self_attn.k_proj
Original Tetris,0.011733505874872208,0.0,5373.8173828125,5373.8173828125,0.0,0.0,"[(0.0, 5373.8173828125)]",,model.layers.12.self_attn.k_proj
Random Swaps,0.03364435024559498,0.03010842390358448,5343.353515625,5351.45068359375,0.15130790597723257,1.9887835441896806,"[(0.0, 5351.45068359375), (0.0038841627538204193, 5345.33251953125), (0.02655021706596017, 5345.1044921875), (0.03010842390358448, 5343.353515625)]",,model.layers.12.self_attn.k_proj
Our Tetris,0.23004093300551176,0.1530497521162033,5367.1416015625,5373.8173828125,0.12422791424494016,0.9746634311987259,"[(0.0, 5373.8173828125), (0.037978160195052624, 5373.8173828125), (0.05704193701967597, 5367.50732421875), (0.1530497521162033, 5367.1416015625)]",1.0,model.layers.12.self_attn.k_proj
Sort Columns,0.0011315918527543545,0.0011315918527543545,4044.749267578125,4122.16796875,1.8781064177584041,1.999409634742581,"[(0.0, 4122.16796875), (0.0011315918527543545, 4044.749267578125)]",,model.layers.12.self_attn.v_proj
Original Tetris,0.011465938296169043,0.0,4122.16796875,4122.16796875,0.0,0.0,"[(0.0, 4122.16796875)]",,model.layers.12.self_attn.v_proj
Random Swaps,0.03375079110264778,0.00702324416488409,4044.370361328125,4044.749267578125,0.009367855086524999,1.9980815431650485,"[(0.0, 4044.749267578125), (0.00702324416488409, 4044.370361328125)]",,model.layers.12.self_attn.v_proj
Our Tetris,0.23006335273385048,0.2299924618564546,4096.8623046875,4122.16796875,0.6138921134301485,1.084170413244935,"[(0.0, 4122.16796875), (0.011773315723985434, 4121.16796875), (0.038022929802536964, 4121.16796875), (0.05703083286061883, 4121.1611328125), (0.09594970475882292, 4115.36376953125), (0.11520624766126275, 4110.74609375), (0.17240917263552547, 4109.67578125), (0.2299924618564546, 4096.8623046875)]",2.0,model.layers.12.self_attn.v_proj
Sort Columns,0.0011146198958158493,0.0011146198958158493,11561.0625,11523.7666015625,-0.3236432993396714,2.0085149657283017,"[(0.0, 11523.7666015625), (0.0011146198958158493, 11561.0625)]",,model.layers.12.self_attn.o_proj
Original Tetris,0.011826884932816029,0.0,11523.7666015625,11523.7666015625,0.0,0.0,"[(0.0, 11523.7666015625)]",,model.layers.12.self_attn.o_proj
Random Swaps,0.03401905717328191,0.0,11561.0625,11561.0625,0.0,2.0085149657283017,"[(0.0, 11561.0625)]",,model.layers.12.self_attn.o_proj
Our Tetris,0.23135544313117862,0.0,11523.7666015625,11523.7666015625,0.0,1.025607902890838,"[(0.0, 11523.7666015625), (0.03822519490495324, 11523.7666015625)]",1.0,model.layers.12.self_attn.o_proj
Sort Columns,0.0011202078312635422,0.0011202078312635422,35287.1171875,35389.96875,0.29062349059011244,1.9991441212875782,"[(0.0, 35389.96875), (0.0011202078312635422, 35287.1171875)]",,model.layers.12.mlp.gate_proj
Original Tetris,0.011615750845521688,0.0,35389.96875,35389.96875,0.0,0.0,"[(0.0, 35389.96875)]",,model.layers.12.mlp.gate_proj
Random Swaps,0.033957735169678926,0.033920090179890394,35277.53515625,35287.1171875,0.02715447453268954,1.9982797468210465,"[(0.0, 35287.1171875), (0.030585799366235733, 35286.18359375), (0.033920090179890394, 35277.53515625)]",,model.layers.12.mlp.gate_proj
Our Tetris,0.2306481460109353,0.2305780928581953,35370.58984375,35389.96875,0.05475818977658747,1.0347317390274253,"[(0.0, 35389.96875), (0.03799010394141078, 35389.96875), (0.2113569607026875, 35383.65625), (0.2305780928581953, 35370.58984375)]",1.0,model.layers.12.mlp.gate_proj
Sort Columns,0.0010923398658633232,0.0010923398658633232,39104.73046875,39421.734375,0.8041348542265906,1.9995953407766238,"[(0.0, 39421.734375), (0.0010923398658633232, 39104.73046875)]",,model.layers.12.mlp.up_proj
Original Tetris,0.011525234207510948,0.0,39421.734375,39421.734375,0.0,0.0,"[(0.0, 39421.734375)]",,model.layers.12.mlp.up_proj
Random Swaps,0.03365950658917427,0.0,39104.73046875,39104.73046875,0.0,1.9995953407766238,"[(0.0, 39104.73046875)]",,model.layers.12.mlp.up_proj
Our Tetris,0.23093366203829646,0.23086214438080788,39366.4296875,39421.734375,0.14028983852895235,1.2640879706229746,"[(0.0, 39421.734375), (0.03807105217128992, 39421.734375), (0.05738947540521622, 39404.62890625), (0.09648651629686356, 39394.0625), (0.1345874611288309, 39387.57421875), (0.1537227570079267, 39383.4296875), (0.172978182323277, 39383.390625), (0.21181170735508204, 39367.8515625), (0.23086214438080788, 39366.4296875)]",1.0,model.layers.12.mlp.up_proj
Sort Columns,0.001085564959794283,0.001085564959794283,37408.4453125,37705.5546875,0.7879724286313087,2.001998590767192,"[(0.0, 37705.5546875), (0.001085564959794283, 37408.4453125)]",,model.layers.12.mlp.down_proj
Original Tetris,0.012161781080067158,0.0,37705.5546875,37705.5546875,0.0,0.0,"[(0.0, 37705.5546875)]",,model.layers.12.mlp.down_proj
Random Swaps,0.0798950307071209,0.0,37408.4453125,37408.4453125,0.0,2.001998590767192,"[(0.0, 37408.4453125)]",,model.layers.12.mlp.down_proj
Our Tetris,2.218112198635936,2.2180420770309865,37691.2421875,37705.5546875,0.03795859819228392,1.0743972263311883,"[(0.0, 37705.5546875), (0.3669302691705525, 37705.5546875), (0.5504014799371362, 37701.45703125), (0.7345524709671736, 37697.09375), (1.2887348858639598, 37696.53125), (1.6601031008176506, 37695.5078125), (2.2180420770309865, 37691.2421875)]",1.0,model.layers.12.mlp.down_proj
Sort Columns,0.001096460036933422,0.001096460036933422,16065.400390625,16229.560546875,1.0114886091700679,1.9862681263339828,"[(0.0, 16229.560546875), (0.001096460036933422, 16065.400390625)]",,model.layers.13.self_attn.q_proj
Original Tetris,0.011043459177017212,0.0,16229.560546875,16229.560546875,0.0,0.0,"[(0.0, 16229.560546875)]",,model.layers.13.self_attn.q_proj
Random Swaps,0.03371307626366615,0.0,16065.400390625,16065.400390625,0.0,1.9862681263339828,"[(0.0, 16065.400390625)]",,model.layers.13.self_attn.q_proj
Our Tetris,0.2332856161519885,0.2332152840681374,16201.412109375,16229.560546875,0.17343930797571705,1.1570365376234342,"[(0.0, 16229.560546875), (0.0409225202165544, 16229.560546875), (0.0988826802931726, 16225.1611328125), (0.13695415016263723, 16223.55078125), (0.1750590750016272, 16214.232421875), (0.19420282216742635, 16209.5341796875), (0.2332152840681374, 16201.412109375)]",1.0,model.layers.13.self_attn.q_proj
Sort Columns,0.0011016977950930595,0.0011016977950930595,5596.744140625,5617.994140625,0.3782488815062371,1.9986448923790883,"[(0.0, 5617.994140625), (0.0011016977950930595, 5596.744140625)]",,model.layers.13.self_attn.k_proj
Original Tetris,0.011371859814971685,0.0,5617.994140625,5617.994140625,0.0,0.0,"[(0.0, 5617.994140625)]",,model.layers.13.self_attn.k_proj
Random Swaps,0.033578839153051376,0.02964564599096775,5584.14453125,5596.744140625,0.22512391237511487,1.9942664929280738,"[(0.0, 5596.744140625), (0.007018074858933687, 5587.2841796875), (0.02964564599096775, 5584.14453125)]",,model.layers.13.self_attn.k_proj
Our Tetris,0.23109527910128236,0.17304495116695762,5605.6591796875,5617.994140625,0.21956165543682357,1.2198322503598045,"[(0.0, 5617.994140625), (0.038324091117829084, 5617.994140625), (0.05744625721126795, 5606.86328125), (0.17304495116695762, 5605.6591796875)]",1.0,model.layers.13.self_attn.k_proj
Sort Columns,0.0010938760824501514,0.0010938760824501514,3954.755615234375,4006.67724609375,1.2958775481602671,1.9852125683922253,"[(0.0, 4006.67724609375), (0.0010938760824501514, 3954.755615234375)]",,model.layers.13.self_attn.v_proj
Original Tetris,0.012275764252990484,0.0033977078273892403,4003.623046875,4006.67724609375,0.07622773263625479,0.0011792524447705865,"[(0.0, 4006.67724609375), (0.00239029573276639, 4005.2802734375), (0.0033977078273892403, 4003.623046875)]",,model.layers.13.self_attn.v_proj
Random Swaps,0.033569340128451586,0.030144742224365473,3954.2509765625,3954.755615234375,0.012760299775061905,1.9873129204723434,"[(0.0, 3954.755615234375), (0.030144742224365473, 3954.2509765625)]",,model.layers.13.self_attn.v_proj
Our Tetris,0.23080438282340765,0.15349171729758382,3998.59765625,4006.67724609375,0.20165312420976944,1.0826364508298199,"[(0.0, 4006.67724609375), (0.0040069459937512875, 4005.22509765625), (0.0077125211246311665, 4003.815673828125), (0.0379569991491735, 4003.815673828125), (0.09588510124012828, 4003.75830078125), (0.1151511431671679, 4002.6015625), (0.13428741600364447, 4000.49365234375), (0.15349171729758382, 3998.59765625)]",3.0,model.layers.13.self_attn.v_proj
Sort Columns,0.0011232811957597733,0.0011232811957597733,11316.63671875,11275.462890625,-0.365163084871966,1.986741914801891,"[(0.0, 11275.462890625), (0.0011232811957597733, 11316.63671875)]",,model.layers.13.self_attn.o_proj
Original Tetris,0.011645643040537834,0.0,11275.462890625,11275.462890625,0.0,0.0,"[(0.0, 11275.462890625)]",,model.layers.13.self_attn.o_proj
Random Swaps,0.03363387379795313,0.0,11316.63671875,11316.63671875,0.0,1.986741914801891,"[(0.0, 11316.63671875)]",,model.layers.13.self_attn.o_proj
Our Tetris,0.23328275326639414,0.0,11275.462890625,11275.462890625,0.0,0.8863096740496185,"[(0.0, 11275.462890625), (0.03843395411968231, 11275.462890625)]",1.0,model.layers.13.self_attn.o_proj
Sort Columns,0.0011107781901955605,0.0011107781901955605,36242.66015625,36383.046875,0.3858575100439551,2.0001614406117896,"[(0.0, 36383.046875), (0.0011107781901955605, 36242.66015625)]",,model.layers.13.mlp.gate_proj
Original Tetris,0.011619032826274633,0.0,36383.046875,36383.046875,0.0,0.0,"[(0.0, 36383.046875)]",,model.layers.13.mlp.gate_proj
Random Swaps,0.03362786816433072,0.030210884287953377,36235.0859375,36242.66015625,0.020898628073507553,1.9978073908213994,"[(0.0, 36242.66015625), (0.030210884287953377, 36235.0859375)]",,model.layers.13.mlp.gate_proj
Our Tetris,0.23364893812686205,0.15441643400117755,36337.96875,36383.046875,0.12389870797482516,1.191737925733809,"[(0.0, 36383.046875), (0.038444848731160164, 36383.046875), (0.0581279918551445, 36381.65234375), (0.07751381397247314, 36369.8046875), (0.11584949865937233, 36362.453125), (0.13496663561090827, 36344.34375), (0.15441643400117755, 36337.96875)]",1.0,model.layers.13.mlp.gate_proj
Sort Columns,0.0011484944261610508,0.0011484944261610508,37960.8828125,38263.66796875,0.7913124180809982,1.993714841430161,"[(0.0, 38263.66796875), (0.0011484944261610508, 37960.8828125)]",,model.layers.13.mlp.up_proj
Original Tetris,0.011488218326121569,0.0,38263.66796875,38263.66796875,0.0,0.0,"[(0.0, 38263.66796875)]",,model.layers.13.mlp.up_proj
Random Swaps,0.033758404199033976,0.0,37960.8828125,37960.8828125,0.0,1.993714841430161,"[(0.0, 37960.8828125)]",,model.layers.13.mlp.up_proj
Our Tetris,0.2332592150196433,0.23318734718486667,38229.2265625,38263.66796875,0.09001072839678714,1.2186776860276756,"[(0.0, 38263.66796875), (0.03982885321602225, 38263.66796875), (0.09757627220824361, 38260.953125), (0.11679139779880643, 38258.99609375), (0.1365981618873775, 38258.25), (0.15571418218314648, 38243.57421875), (0.19442317681387067, 38238.21875), (0.23318734718486667, 38229.2265625)]",1.0,model.layers.13.mlp.up_proj
Sort Columns,0.0011121761053800583,0.0011121761053800583,35640.265625,35971.87109375,0.9218465947622486,1.9911547746140423,"[(0.0, 35971.87109375), (0.0011121761053800583, 35640.265625)]",,model.layers.13.mlp.down_proj
Original Tetris,0.011691251304000616,0.0,35971.87109375,35971.87109375,0.0,0.0,"[(0.0, 35971.87109375)]",,model.layers.13.mlp.down_proj
Random Swaps,0.08147606067359447,0.0,35640.265625,35640.265625,0.0,1.9911547746140423,"[(0.0, 35640.265625)]",,model.layers.13.mlp.down_proj
Our Tetris,2.2068934347480536,2.2068214281462133,35953.62109375,35971.87109375,0.05073408595409673,1.0232704252494684,"[(0.0, 35971.87109375), (0.36798545392230153, 35971.87109375), (0.551268647890538, 35969.64453125), (1.284926294349134, 35969.0390625), (1.469609207008034, 35954.625), (2.2068214281462133, 35953.62109375)]",1.0,model.layers.13.mlp.down_proj
Sort Columns,0.0011409502476453781,0.0011409502476453781,13158.734375,13263.6259765625,0.7908214672808836,2.016055262599865,"[(0.0, 13263.6259765625), (0.0011409502476453781, 13158.734375)]",,model.layers.14.self_attn.q_proj
Original Tetris,0.011502396315336227,0.0,13263.6259765625,13263.6259765625,0.0,0.0,"[(0.0, 13263.6259765625)]",,model.layers.14.self_attn.q_proj
Random Swaps,0.03446709783747792,0.013755101710557938,13156.66796875,13158.734375,0.015703685408574863,2.0133094731356405,"[(0.0, 13158.734375), (0.013755101710557938, 13156.66796875)]",,model.layers.14.self_attn.q_proj
Our Tetris,0.23446372337639332,0.1570316245779395,13257.01953125,13263.6259765625,0.04980874252767625,1.0201353008662781,"[(0.0, 13263.6259765625), (0.04200850473716855, 13263.6259765625), (0.1570316245779395, 13257.01953125)]",1.0,model.layers.14.self_attn.q_proj
Sort Columns,0.0011641387827694416,0.0011641387827694416,4458.09716796875,4456.703125,-0.03127969105525735,1.9982398368260748,"[(0.0, 4456.703125), (0.0011641387827694416, 4458.09716796875)]",,model.layers.14.self_attn.k_proj
Original Tetris,0.012021467089653015,0.0,4456.703125,4456.703125,0.0,0.0,"[(0.0, 4456.703125)]",,model.layers.14.self_attn.k_proj
Random Swaps,0.03539160592481494,0.028545483946800232,4446.021484375,4458.09716796875,0.27087080291818905,2.0025194896465366,"[(0.0, 4458.09716796875), (0.007338722702115774, 4452.875), (0.021488575730472803, 4451.3349609375), (0.02478766581043601, 4450.353515625), (0.028545483946800232, 4446.021484375)]",,model.layers.14.self_attn.k_proj
Our Tetris,0.23095503402873874,0.2117455662228167,4451.6181640625,4456.703125,0.11409691861626974,1.1236106580409744,"[(0.0, 4456.703125), (0.038212134037166834, 4456.703125), (0.05810738820582628, 4454.1923828125), (0.19272998021915555, 4452.6103515625), (0.2117455662228167, 4451.6181640625)]",1.0,model.layers.14.self_attn.k_proj
Sort Columns,0.0011394140310585499,0.0011394140310585499,4124.28125,4247.97265625,2.9117750103220192,2.0006668604691575,"[(0.0, 4247.97265625), (0.0011394140310585499, 4124.28125)]",,model.layers.14.self_attn.v_proj
Original Tetris,0.014231919310986996,0.006582884583622217,4235.2099609375,4247.97265625,0.3004420307113412,0.013373843352118001,"[(0.0, 4247.97265625), (0.0036807097494602203, 4246.8603515625), (0.005478112958371639, 4236.0263671875), (0.006582884583622217, 4235.2099609375)]",,model.layers.14.self_attn.v_proj
Random Swaps,0.035776928067207336,0.0,4124.28125,4124.28125,0.0,2.0006668604691575,"[(0.0, 4124.28125)]",,model.layers.14.self_attn.v_proj
Our Tetris,0.23104743706062436,0.07732656504958868,4229.5283203125,4247.97265625,0.43419149392035356,1.009108989641652,"[(0.0, 4247.97265625), (0.004684630315750837, 4246.998046875), (0.008355004247277975, 4235.10498046875), (0.011972926091402769, 4233.6181640625), (0.01980962697416544, 4233.1123046875), (0.03883031103760004, 4233.1123046875), (0.05829505529254675, 4231.44580078125), (0.07732656504958868, 4229.5283203125)]",5.0,model.layers.14.self_attn.v_proj
Sort Columns,0.0011495412327349186,0.0011495412327349186,12074.5703125,12081.197265625,0.05485344688357893,1.9976888913752597,"[(0.0, 12081.197265625), (0.0011495412327349186, 12074.5703125)]",,model.layers.14.self_attn.o_proj
Original Tetris,0.011672462802380323,0.0,12081.197265625,12081.197265625,0.0,0.0,"[(0.0, 12081.197265625)]",,model.layers.14.self_attn.o_proj
Random Swaps,0.03593428432941437,0.0,12074.5703125,12074.5703125,0.0,1.9976888913752597,"[(0.0, 12074.5703125)]",,model.layers.14.self_attn.o_proj
Our Tetris,0.2318418277427554,0.0,12081.197265625,12081.197265625,0.0,0.9654728235962529,"[(0.0, 12081.197265625), (0.0387261058203876, 12081.197265625)]",1.0,model.layers.14.self_attn.o_proj
Sort Columns,0.001070478931069374,0.001070478931069374,35856.84375,35951.1796875,0.26240011682509545,1.9947643480852109,"[(0.0, 35951.1796875), (0.001070478931069374, 35856.84375)]",,model.layers.14.mlp.gate_proj
Original Tetris,0.011823882348835468,0.0,35951.1796875,35951.1796875,0.0,0.0,"[(0.0, 35951.1796875)]",,model.layers.14.mlp.gate_proj
Random Swaps,0.035684316884726286,0.028165819123387337,35848.2734375,35856.84375,0.023901469297614907,1.9981912610588999,"[(0.0, 35856.84375), (0.004015956073999405, 35854.234375), (0.028165819123387337, 35848.2734375)]",,model.layers.14.mlp.gate_proj
Our Tetris,0.23064046306535602,0.2305679670535028,35904.09765625,35951.1796875,0.1309610189686491,1.1956933833159296,"[(0.0, 35951.1796875), (0.03836578829213977, 35951.1796875), (0.057494798209518194, 35934.109375), (0.0771313551813364, 35931.3671875), (0.13450337015092373, 35917.4921875), (0.1535837003029883, 35916.49609375), (0.1726555093191564, 35914.3203125), (0.2305679670535028, 35904.09765625)]",1.0,model.layers.14.mlp.gate_proj
Sort Columns,0.0011204867623746395,0.0011204867623746395,37808.0,38062.125,0.6676584662574673,1.9975992467601638,"[(0.0, 38062.125), (0.0011204867623746395, 37808.0)]",,model.layers.14.mlp.up_proj
Original Tetris,0.011936329305171967,0.0,38062.125,38062.125,0.0,0.0,"[(0.0, 38062.125)]",,model.layers.14.mlp.up_proj
Random Swaps,0.03590054903179407,0.021548710763454437,37805.31640625,37808.0,0.007097952152983496,1.9975132049611515,"[(0.0, 37808.0), (0.021548710763454437, 37805.31640625)]",,model.layers.14.mlp.up_proj
Our Tetris,0.2316155368462205,0.2123695402406156,38037.8359375,38062.125,0.06381425761173344,1.080872393699215,"[(0.0, 38062.125), (0.03855534130707383, 38062.125), (0.05845995433628559, 38056.64453125), (0.115960200317204, 38051.6484375), (0.1740004699677229, 38043.2890625), (0.2123695402406156, 38037.8359375)]",1.0,model.layers.14.mlp.up_proj
Sort Columns,0.0011446517892181873,0.0011446517892181873,35148.81640625,35555.109375,1.1427133143223527,2.002683780230137,"[(0.0, 35555.109375), (0.0011446517892181873, 35148.81640625)]",,model.layers.14.mlp.down_proj
Original Tetris,0.01245016185566783,0.0,35555.109375,35555.109375,0.0,0.0,"[(0.0, 35555.109375)]",,model.layers.14.mlp.down_proj
Random Swaps,0.08255485212430358,0.0,35148.81640625,35148.81640625,0.0,2.002683780230137,"[(0.0, 35148.81640625)]",,model.layers.14.mlp.down_proj
Our Tetris,2.2189936861395836,2.0338082555681467,35546.51953125,35555.109375,0.024159238717009292,1.0002880556926292,"[(0.0, 35555.109375), (0.36845291079953313, 35555.109375), (0.7386426697485149, 35554.12109375), (0.9255013228394091, 35550.2421875), (1.84940129192546, 35547.125), (2.0338082555681467, 35546.51953125)]",1.0,model.layers.14.mlp.down_proj
Sort Columns,0.00115680368617177,0.00115680368617177,13141.583984375,13336.0224609375,1.457994519220623,1.9868503817097152,"[(0.0, 13336.0224609375), (0.00115680368617177, 13141.583984375)]",,model.layers.15.self_attn.q_proj
Original Tetris,0.01178972888737917,0.0,13336.0224609375,13336.0224609375,0.0,0.0,"[(0.0, 13336.0224609375)]",,model.layers.15.self_attn.q_proj
Random Swaps,0.03478194819763303,0.0,13141.583984375,13141.583984375,0.0,1.9868503817097152,"[(0.0, 13141.583984375)]",,model.layers.15.self_attn.q_proj
Our Tetris,0.23316841991618276,0.2140723057091236,13317.609375,13336.0224609375,0.13807029788254863,1.1922326814868938,"[(0.0, 13336.0224609375), (0.04173702606931329, 13336.0224609375), (0.08005825383588672, 13330.89453125), (0.09909332590177655, 13328.556640625), (0.19489496480673552, 13321.625), (0.2140723057091236, 13317.609375)]",1.0,model.layers.15.self_attn.q_proj
Sort Columns,0.0011107088066637516,0.0011107088066637516,4506.275390625,4529.0869140625,0.5036671600774939,1.9934025546000922,"[(0.0, 4529.0869140625), (0.0011107088066637516, 4506.275390625)]",,model.layers.15.self_attn.k_proj
Original Tetris,0.011696489062160254,0.0,4529.0869140625,4529.0869140625,0.0,0.0,"[(0.0, 4529.0869140625)]",,model.layers.15.self_attn.k_proj
Random Swaps,0.035363039933145046,0.014708804897964,4505.5693359375,4506.275390625,0.015668254296417366,1.9994888636275538,"[(0.0, 4506.275390625), (0.014708804897964, 4505.5693359375)]",,model.layers.15.self_attn.k_proj
Our Tetris,0.23015414830297232,0.23007913772016764,4513.30517578125,4529.0869140625,0.3484529791700133,1.1583728329665832,"[(0.0, 4529.0869140625), (0.03881229180842638, 4529.0869140625), (0.07700745481997728, 4528.46142578125), (0.09606885677203536, 4523.49658203125), (0.11508814385160804, 4523.10888671875), (0.1348587996326387, 4518.70458984375), (0.23007913772016764, 4513.30517578125)]",1.0,model.layers.15.self_attn.k_proj
Sort Columns,0.0010546250268816948,0.0010546250268816948,4023.2412109375,4127.6337890625,2.529114341529568,1.9982608811611111,"[(0.0, 4127.6337890625), (0.0010546250268816948, 4023.2412109375)]",,model.layers.15.self_attn.v_proj
Original Tetris,0.012055479921400547,0.004463995806872845,4120.6318359375,4127.6337890625,0.16963600655547348,0.0023608675780135034,"[(0.0, 4127.6337890625), (0.0020647598430514336, 4127.17626953125), (0.0034524640068411827, 4122.47998046875), (0.004463995806872845, 4120.6318359375)]",,model.layers.15.self_attn.v_proj
Random Swaps,0.036098205018788576,0.0,4023.2412109375,4023.2412109375,0.0,1.9982608811611111,"[(0.0, 4023.2412109375)]",,model.layers.15.self_attn.v_proj
Our Tetris,0.22981974203139544,0.22974780341610312,4112.8291015625,4127.6337890625,0.3586725047951154,1.0277237588686692,"[(0.0, 4127.6337890625), (0.003988088108599186, 4127.42236328125), (0.007648824248462915, 4121.142578125), (0.03792612813413143, 4121.142578125), (0.07676642714068294, 4117.693359375), (0.17269329307600856, 4113.2060546875), (0.22974780341610312, 4112.8291015625)]",3.0,model.layers.15.self_attn.v_proj
Sort Columns,0.0011662342585623264,0.0011662342585623264,11855.4765625,11883.603515625,0.2366870712912766,2.004607802120801,"[(0.0, 11883.603515625), (0.0011662342585623264, 11855.4765625)]",,model.layers.15.self_attn.o_proj
Original Tetris,0.011548702139407396,0.0,11883.603515625,11883.603515625,0.0,0.0,"[(0.0, 11883.603515625)]",,model.layers.15.self_attn.o_proj
Random Swaps,0.03595705283805728,0.0,11855.4765625,11855.4765625,0.0,2.004607802120801,"[(0.0, 11855.4765625)]",,model.layers.15.self_attn.o_proj
Our Tetris,0.22938336478546262,0.09614470601081848,11880.2001953125,11883.603515625,0.028638790481567217,1.0179652781964317,"[(0.0, 11883.603515625), (0.03849073592573404, 11883.603515625), (0.07656618813052773, 11881.2861328125), (0.09614470601081848, 11880.2001953125)]",1.0,model.layers.15.self_attn.o_proj
Sort Columns,0.0011564558371901512,0.0011564558371901512,36389.453125,36529.08203125,0.38224039172555685,1.9951645123223156,"[(0.0, 36529.08203125), (0.0011564558371901512, 36389.453125)]",,model.layers.15.mlp.gate_proj
Original Tetris,0.01189330592751503,0.0,36529.08203125,36529.08203125,0.0,0.0,"[(0.0, 36529.08203125)]",,model.layers.15.mlp.gate_proj
Random Swaps,0.0358308469876647,0.0,36389.453125,36389.453125,0.0,1.9951645123223156,"[(0.0, 36389.453125)]",,model.layers.15.mlp.gate_proj
Our Tetris,0.23124641831964254,0.17303978372365236,36495.66796875,36529.08203125,0.09147249435782384,1.181424250324764,"[(0.0, 36529.08203125), (0.03847537096589804, 36529.08203125), (0.0576585098169744, 36526.72265625), (0.11570730013772845, 36511.7890625), (0.13479398610070348, 36503.859375), (0.15394688211381435, 36498.91015625), (0.17303978372365236, 36495.66796875)]",1.0,model.layers.15.mlp.gate_proj
Sort Columns,0.0010655899532139301,0.0010655899532139301,37582.69921875,37933.2265625,0.9240641398444183,1.9957060526149533,"[(0.0, 37933.2265625), (0.0010655899532139301, 37582.69921875)]",,model.layers.15.mlp.up_proj
Original Tetris,0.011974183842539787,0.0,37933.2265625,37933.2265625,0.0,0.0,"[(0.0, 37933.2265625)]",,model.layers.15.mlp.up_proj
Random Swaps,0.035448598209768534,0.0,37582.69921875,37582.69921875,0.0,1.9957060526149533,"[(0.0, 37582.69921875)]",,model.layers.15.mlp.up_proj
Our Tetris,0.23453705804422498,0.17685550078749657,37902.7890625,37933.2265625,0.08023968103491064,1.0680847230379367,"[(0.0, 37933.2265625), (0.039404279086738825, 37933.2265625), (0.05876747192814946, 37928.65625), (0.07800613576546311, 37913.0390625), (0.13713951269164681, 37908.87109375), (0.17685550078749657, 37902.7890625)]",1.0,model.layers.15.mlp.up_proj
Sort Columns,0.0010720151476562023,0.0010720151476562023,34563.921875,34882.703125,0.9138662472849859,1.9965542261028524,"[(0.0, 34882.703125), (0.0010720151476562023, 34563.921875)]",,model.layers.15.mlp.down_proj
Original Tetris,0.011596683878451586,0.0,34882.703125,34882.703125,0.0,0.0,"[(0.0, 34882.703125)]",,model.layers.15.mlp.down_proj
Random Swaps,0.08015533490106463,0.0,34563.921875,34563.921875,0.0,1.9965542261028524,"[(0.0, 34563.921875)]",,model.layers.15.mlp.down_proj
Our Tetris,2.2673346209339797,1.8920902754180133,34863.125,34882.703125,0.05612559591452246,1.0383566851329975,"[(0.0, 34882.703125), (0.38068739930167794, 34882.703125), (1.5136995841749012, 34876.3671875), (1.8920902754180133, 34863.125)]",1.0,model.layers.15.mlp.down_proj
Sort Columns,0.0011146902106702328,0.0011146902106702328,14974.9453125,15152.666015625,1.172867553087618,1.9977524140584486,"[(0.0, 15152.666015625), (0.0011146902106702328, 14974.9453125)]",,model.layers.16.self_attn.q_proj
Original Tetris,0.01183477696031332,0.0,15152.666015625,15152.666015625,0.0,0.0,"[(0.0, 15152.666015625)]",,model.layers.16.self_attn.q_proj
Random Swaps,0.03491730475798249,0.0,14974.9453125,14974.9453125,0.0,1.9977524140584486,"[(0.0, 14974.9453125)]",,model.layers.16.self_attn.q_proj
Our Tetris,0.23390120966359973,0.23382878303527832,15148.912109375,15152.666015625,0.024773899498141634,1.0313047965365052,"[(0.0, 15152.666015625), (0.041732346173375845, 15152.666015625), (0.11867289105430245, 15149.4814453125), (0.23382878303527832, 15148.912109375)]",1.0,model.layers.16.self_attn.q_proj
Sort Columns,0.0010541360825300217,0.0010541360825300217,5358.72900390625,5387.89794921875,0.5413789494051112,2.0139394374843747,"[(0.0, 5387.89794921875), (0.0010541360825300217, 5358.72900390625)]",,model.layers.16.self_attn.k_proj
Original Tetris,0.01174279535189271,0.0,5387.89794921875,5387.89794921875,0.0,0.0,"[(0.0, 5387.89794921875)]",,model.layers.16.self_attn.k_proj
Random Swaps,0.0351806809194386,0.00396601902320981,5350.244140625,5358.72900390625,0.15833723397964242,2.014238550775429,"[(0.0, 5358.72900390625), (0.00396601902320981, 5350.244140625)]",,model.layers.16.self_attn.k_proj
Our Tetris,0.23147934395819902,0.23140461184084415,5376.6875,5387.89794921875,0.2080672151627431,1.208894881492727,"[(0.0, 5387.89794921875), (0.03926815465092659, 5387.89794921875), (0.05841874657198787, 5381.1083984375), (0.09673641296103597, 5380.2138671875), (0.13500281469896436, 5379.55615234375), (0.1930977706797421, 5379.4541015625), (0.23140461184084415, 5376.6875)]",1.0,model.layers.16.self_attn.k_proj
Sort Columns,0.0010531581938266754,0.0010531581938266754,3838.4658203125,3911.41650390625,1.8650707108510605,1.9929585749955223,"[(0.0, 3911.41650390625), (0.0010531581938266754, 3838.4658203125)]",,model.layers.16.self_attn.v_proj
Original Tetris,0.01128225214779377,0.0,3911.41650390625,3911.41650390625,0.0,0.0,"[(0.0, 3911.41650390625)]",,model.layers.16.self_attn.v_proj
Random Swaps,0.035353471990674734,0.0,3838.4658203125,3838.4658203125,0.0,1.9929585749955223,"[(0.0, 3838.4658203125)]",,model.layers.16.self_attn.v_proj
Our Tetris,0.23048988170921803,0.23041542991995811,3892.171630859375,3911.41650390625,0.4920179946997602,1.1681080556418209,"[(0.0, 3911.41650390625), (0.038219467271119356, 3911.41650390625), (0.057677785865962505, 3911.0400390625), (0.07696331292390823, 3904.96337890625), (0.11502109514549375, 3898.940673828125), (0.13460659701377153, 3895.34765625), (0.19241010025143623, 3892.80419921875), (0.23041542991995811, 3892.171630859375)]",1.0,model.layers.16.self_attn.v_proj
Sort Columns,0.0011374587193131447,0.0011374587193131447,11562.3251953125,11606.205078125,0.37807261303010564,1.9960908224122078,"[(0.0, 11606.205078125), (0.0011374587193131447, 11562.3251953125)]",,model.layers.16.self_attn.o_proj
Original Tetris,0.011441074311733246,0.0,11606.205078125,11606.205078125,0.0,0.0,"[(0.0, 11606.205078125)]",,model.layers.16.self_attn.o_proj
Random Swaps,0.03609604015946388,0.0,11562.3251953125,11562.3251953125,0.0,1.9960908224122078,"[(0.0, 11562.3251953125)]",,model.layers.16.self_attn.o_proj
Our Tetris,0.2312048622407019,0.09605733305215836,11604.0380859375,11606.205078125,0.018670979643331278,1.0176787594310368,"[(0.0, 11606.205078125), (0.038507917895913124, 11606.205078125), (0.09605733305215836, 11604.0380859375)]",1.0,model.layers.16.self_attn.o_proj
Sort Columns,0.001061749178916216,0.001061749178916216,36140.3203125,36324.0,0.50567032127519,1.9932444189368725,"[(0.0, 36324.0), (0.001061749178916216, 36140.3203125)]",,model.layers.16.mlp.gate_proj
Original Tetris,0.011878638993948698,0.0,36324.0,36324.0,0.0,0.0,"[(0.0, 36324.0)]",,model.layers.16.mlp.gate_proj
Random Swaps,0.03547360235825181,0.018266521859914064,36138.21875,36140.3203125,0.005815007951861246,1.9943539262113372,"[(0.0, 36140.3203125), (0.018266521859914064, 36138.21875)]",,model.layers.16.mlp.gate_proj
Our Tetris,0.2324065756984055,0.21291522169485688,36282.765625,36324.0,0.11351826616011451,1.1844442585852526,"[(0.0, 36324.0), (0.03878903482109308, 36324.0), (0.05802490375936031, 36320.578125), (0.07776971813291311, 36320.3828125), (0.11604980891570449, 36317.52734375), (0.13535978086292744, 36309.984375), (0.1736645270138979, 36303.890625), (0.19355014292523265, 36301.6015625), (0.21291522169485688, 36282.765625)]",1.0,model.layers.16.mlp.gate_proj
Sort Columns,0.0011420678347349167,0.0011420678347349167,38159.03125,38448.44140625,0.7527227259801351,1.9998178419179404,"[(0.0, 38448.44140625), (0.0011420678347349167, 38159.03125)]",,model.layers.16.mlp.up_proj
Original Tetris,0.012028310913592577,0.0,38448.44140625,38448.44140625,0.0,0.0,"[(0.0, 38448.44140625)]",,model.layers.16.mlp.up_proj
Random Swaps,0.035368767101317644,0.0,38159.03125,38159.03125,0.0,1.9998178419179404,"[(0.0, 38159.03125)]",,model.layers.16.mlp.up_proj
Our Tetris,0.2337947003543377,0.214350420050323,38400.58984375,38448.44140625,0.12445644283573346,1.147644810842704,"[(0.0, 38448.44140625), (0.04112904518842697, 38448.44140625), (0.06035499693825841, 38443.5546875), (0.07943581603467464, 38435.8984375), (0.11776870815083385, 38430.3828125), (0.13683891016989946, 38415.03515625), (0.17585884500294924, 38411.66796875), (0.214350420050323, 38400.58984375)]",1.0,model.layers.16.mlp.up_proj
Sort Columns,0.0011302637867629528,0.0011302637867629528,35246.6953125,35743.8515625,1.3908860636652327,2.003055251904327,"[(0.0, 35743.8515625), (0.0011302637867629528, 35246.6953125)]",,model.layers.16.mlp.down_proj
Original Tetris,0.012165762018412352,0.0,35743.8515625,35743.8515625,0.0,0.0,"[(0.0, 35743.8515625)]",,model.layers.16.mlp.down_proj
Random Swaps,0.0802357941865921,0.0,35246.6953125,35246.6953125,0.0,2.003055251904327,"[(0.0, 35246.6953125)]",,model.layers.16.mlp.down_proj
Our Tetris,2.275304933078587,2.2752306200563908,35725.7109375,35743.8515625,0.0507517354929705,1.0966646949054422,"[(0.0, 35743.8515625), (0.3773561813868582, 35743.8515625), (0.9460496082901955, 35743.55078125), (1.7055653324350715, 35740.51953125), (1.8968400694429874, 35732.26171875), (2.2752306200563908, 35725.7109375)]",1.0,model.layers.16.mlp.down_proj
Sort Columns,0.0010692919604480267,0.0010692919604480267,11566.9931640625,11721.607421875,1.3190533708197485,2.005789630830085,"[(0.0, 11721.607421875), (0.0010692919604480267, 11566.9931640625)]",,model.layers.17.self_attn.q_proj
Original Tetris,0.011867742985486984,0.003182942047715187,11712.591796875,11721.607421875,0.07691457899515503,0.011328936337166022,"[(0.0, 11721.607421875), (0.0020687407813966274, 11721.4296875), (0.003182942047715187, 11712.591796875)]",,model.layers.17.self_attn.q_proj
Random Swaps,0.034965286031365395,0.0,11566.9931640625,11566.9931640625,0.0,2.005789630830085,"[(0.0, 11566.9931640625)]",,model.layers.17.self_attn.q_proj
Our Tetris,0.23482180712744594,0.23475119611248374,11689.2294921875,11721.607421875,0.2762243139714433,1.1857529880089135,"[(0.0, 11721.607421875), (0.006939082872122526, 11721.4296875), (0.010638929903507233, 11712.591796875), (0.041193578857928514, 11712.591796875), (0.07943260297179222, 11698.759765625), (0.13816187111660838, 11695.9921875), (0.17663144506514072, 11692.76171875), (0.23475119611248374, 11689.2294921875)]",3.0,model.layers.17.self_attn.q_proj
Sort Columns,0.001092689111828804,0.001092689111828804,3691.24609375,3855.726806640625,4.265880886771953,1.9986689021246238,"[(0.0, 3855.726806640625), (0.001092689111828804, 3691.24609375)]",,model.layers.17.self_attn.k_proj
Original Tetris,0.014335705433040857,0.0052796900272369385,3848.153564453125,3855.726806640625,0.1964154248287713,0.0022827905118581442,"[(0.0, 3855.726806640625), (0.004250348079949617, 3853.1279296875), (0.0052796900272369385, 3848.153564453125)]",,model.layers.17.self_attn.k_proj
Random Swaps,0.03432503808289766,0.0,3691.24609375,3691.24609375,0.0,1.9986689021246238,"[(0.0, 3691.24609375)]",,model.layers.17.self_attn.k_proj
Our Tetris,0.23115883581340313,0.23108550114557147,3827.701416015625,3855.726806640625,0.7268510460007838,1.1544226062341987,"[(0.0, 3855.726806640625), (0.00405003922060132, 3853.4931640625), (0.0077260700054466724, 3848.59033203125), (0.035312474239617586, 3848.509521484375), (0.03900463925674558, 3848.509521484375), (0.07766676926985383, 3843.26318359375), (0.09685158403590322, 3842.323486328125), (0.1159504922106862, 3837.69677734375), (0.1733727240934968, 3835.738037109375), (0.19302248116582632, 3833.76806640625), (0.23108550114557147, 3827.701416015625)]",4.0,model.layers.17.self_attn.k_proj
Sort Columns,0.0010478501208126545,0.0010478501208126545,4185.9208984375,4303.9833984375,2.743098406068688,1.9867930684065562,"[(0.0, 4303.9833984375), (0.0010478501208126545, 4185.9208984375)]",,model.layers.17.self_attn.v_proj
Original Tetris,0.013651455752551556,0.006137218791991472,4291.9619140625,4303.9833984375,0.2793106585718762,0.00486231490369572,"[(0.0, 4303.9833984375), (0.0028991010040044785, 4301.9921875), (0.004631061106920242, 4293.3046875), (0.006137218791991472, 4291.9619140625)]",,model.layers.17.self_attn.v_proj
Random Swaps,0.03444893937557936,0.0,4185.9208984375,4185.9208984375,0.0,1.9867930684065562,"[(0.0, 4185.9208984375)]",,model.layers.17.self_attn.v_proj
Our Tetris,0.23077176790684462,0.21169206593185663,4271.38232421875,4303.9833984375,0.7574628245681746,1.1615396639987556,"[(0.0, 4303.9833984375), (0.004164999816566706, 4301.9921875), (0.008278386201709509, 4293.33203125), (0.011968316044658422, 4292.1513671875), (0.015677593182772398, 4290.2900390625), (0.038626999128609896, 4290.548828125), (0.11600985797122121, 4285.99560546875), (0.1546424450352788, 4283.0869140625), (0.17361039808019996, 4281.189453125), (0.19268025225028396, 4275.525390625), (0.21169206593185663, 4271.38232421875)]",5.0,model.layers.17.self_attn.v_proj
Sort Columns,0.001061330083757639,0.001061330083757639,11419.2958984375,11345.369140625,-0.6516029306423033,2.003510139881987,"[(0.0, 11345.369140625), (0.001061330083757639, 11419.2958984375)]",,model.layers.17.self_attn.o_proj
Original Tetris,0.011861736886203289,0.0,11345.369140625,11345.369140625,0.0,0.0,"[(0.0, 11345.369140625)]",,model.layers.17.self_attn.o_proj
Random Swaps,0.03507724404335022,0.004015467129647732,11417.279296875,11419.2958984375,0.01765959635721438,1.9980042973084762,"[(0.0, 11419.2958984375), (0.004015467129647732, 11417.279296875)]",,model.layers.17.self_attn.o_proj
Our Tetris,0.23136005317792296,0.0,11345.369140625,11345.369140625,0.0,1.0404940510523553,"[(0.0, 11345.369140625), (0.03862085426226258, 11345.369140625)]",1.0,model.layers.17.self_attn.o_proj
Sort Columns,0.0011832048185169697,0.0011832048185169697,35667.29296875,35820.625,0.42805515328110555,1.9886587312602155,"[(0.0, 35820.625), (0.0011832048185169697, 35667.29296875)]",,model.layers.17.mlp.gate_proj
Original Tetris,0.011381567921489477,0.0,35820.625,35820.625,0.0,0.0,"[(0.0, 35820.625)]",,model.layers.17.mlp.gate_proj
Random Swaps,0.034569067880511284,0.0345148709602654,35645.625,35667.29296875,0.06075024748579729,1.9885776730553584,"[(0.0, 35667.29296875), (0.0345148709602654, 35645.625)]",,model.layers.17.mlp.gate_proj
Our Tetris,0.23009471176192164,0.173063391353935,35809.296875,35820.625,0.031624587789855704,1.0121042541109675,"[(0.0, 35820.625), (0.039095784071832895, 35820.625), (0.09648428205400705, 35818.53125), (0.11583141097798944, 35815.13671875), (0.173063391353935, 35809.296875)]",1.0,model.layers.17.mlp.gate_proj
Sort Columns,0.0010936670005321503,0.0010936670005321503,38198.6640625,38553.6171875,0.9206739883153798,1.9947982823723387,"[(0.0, 38553.6171875), (0.0010936670005321503, 38198.6640625)]",,model.layers.17.mlp.up_proj
Original Tetris,0.01085327798500657,0.0,38553.6171875,38553.6171875,0.0,0.0,"[(0.0, 38553.6171875)]",,model.layers.17.mlp.up_proj
Random Swaps,0.033318255096673965,0.0,38198.6640625,38198.6640625,0.0,1.9947982823723387,"[(0.0, 38198.6640625)]",,model.layers.17.mlp.up_proj
Our Tetris,0.2300379299558699,0.11460371594876051,38544.73046875,38553.6171875,0.023050285286541898,1.0133533207725498,"[(0.0, 38553.6171875), (0.03780159913003445, 38553.6171875), (0.09537762403488159, 38551.78515625), (0.11460371594876051, 38544.73046875)]",1.0,model.layers.17.mlp.up_proj
Sort Columns,0.0010823523625731468,0.0010823523625731468,35626.6015625,36163.5625,1.4848120604821495,1.9980310995897186,"[(0.0, 36163.5625), (0.0010823523625731468, 35626.6015625)]",,model.layers.17.mlp.down_proj
Original Tetris,0.011555615812540054,0.0,36163.5625,36163.5625,0.0,0.0,"[(0.0, 36163.5625)]",,model.layers.17.mlp.down_proj
Random Swaps,0.079396634362638,0.0,35626.6015625,35626.6015625,0.0,1.9980310995897186,"[(0.0, 35626.6015625)]",,model.layers.17.mlp.down_proj
Our Tetris,2.286615123040974,1.9047497571446002,36143.7578125,36163.5625,0.05476420499224876,1.100462942273771,"[(0.0, 36163.5625), (0.11050255130976439, 36163.2734375), (0.3754348768852651, 36164.390625), (0.7541659120470285, 36154.87109375), (0.9484878173097968, 36152.578125), (1.5153089710511267, 36150.7890625), (1.709279078990221, 36145.95703125), (1.9047497571446002, 36143.7578125)]",2.0,model.layers.17.mlp.down_proj
Sort Columns,0.0011974540539085865,0.0011974540539085865,11140.4130859375,11478.4375,2.944864351637581,1.9683749335832155,"[(0.0, 11478.4375), (0.0011974540539085865, 11140.4130859375)]",,model.layers.18.self_attn.q_proj
Original Tetris,0.012533694040030241,0.0037569086998701096,11470.548828125,11478.4375,0.0687260080041382,0.005516087380039309,"[(0.0, 11478.4375), (0.0026082759723067284, 11478.3984375), (0.0037569086998701096, 11470.548828125)]",,model.layers.18.self_attn.q_proj
Random Swaps,0.0358956609852612,0.0,11140.4130859375,11140.4130859375,0.0,1.9683749335832155,"[(0.0, 11140.4130859375)]",,model.layers.18.self_attn.q_proj
Our Tetris,0.2360050119459629,0.21613273583352566,11459.30859375,11478.4375,0.1666507854400915,1.013585989571062,"[(0.0, 11478.4375), (0.007481760811060667, 11478.3984375), (0.01136857783421874, 11470.548828125), (0.04275442473590374, 11470.548828125), (0.17750887898728251, 11468.189453125), (0.1965258619748056, 11467.490234375), (0.21613273583352566, 11459.30859375)]",3.0,model.layers.18.self_attn.q_proj
Sort Columns,0.0010451958514750004,0.0010451958514750004,3392.436767578125,3562.9521484375,4.785789248787777,2.000571070231099,"[(0.0, 3562.9521484375), (0.0010451958514750004, 3392.436767578125)]",,model.layers.18.self_attn.k_proj
Original Tetris,0.01485449681058526,0.005822019185870886,3552.0859375,3562.9521484375,0.30497773994144933,0.0030049471814640144,"[(0.0, 3562.9521484375), (0.004801337141543627, 3559.906982421875), (0.005822019185870886, 3552.0859375)]",,model.layers.18.self_attn.k_proj
Random Swaps,0.0352551331743598,0.0,3392.436767578125,3392.436767578125,0.0,2.000571070231099,"[(0.0, 3392.436767578125)]",,model.layers.18.self_attn.k_proj
Our Tetris,0.23424595408141613,0.19531772239133716,3540.1083984375,3562.9521484375,0.6411466965678424,1.174045093746767,"[(0.0, 3562.9521484375), (0.005850514397025108, 3560.13427734375), (0.010010695084929466, 3552.015380859375), (0.017403336241841316, 3548.33251953125), (0.021072663366794586, 3548.117919921875), (0.02526525128632784, 3546.976318359375), (0.040469241328537464, 3546.976318359375), (0.07902961038053036, 3546.17529296875), (0.09848744003102183, 3543.67919921875), (0.11791719309985638, 3543.42578125), (0.1760826911777258, 3543.346923828125), (0.19531772239133716, 3540.1083984375)]",6.0,model.layers.18.self_attn.k_proj
Sort Columns,0.001127889845520258,0.001127889845520258,3893.68212890625,3954.39599609375,1.535351220451231,1.9984830760598757,"[(0.0, 3954.39599609375), (0.001127889845520258, 3893.68212890625)]",,model.layers.18.self_attn.v_proj
Original Tetris,0.011822275817394257,0.0034618242643773556,3949.68994140625,3954.39599609375,0.1190081795588696,0.0014478637555575273,"[(0.0, 3954.39599609375), (0.0024480572901666164, 3951.89697265625), (0.0034618242643773556, 3949.68994140625)]",,model.layers.18.self_attn.v_proj
Random Swaps,0.03385331993922591,0.030408398248255253,3889.984375,3893.68212890625,0.09496804782286408,2.0048391127346115,"[(0.0, 3893.68212890625), (0.030408398248255253, 3889.984375)]",,model.layers.18.self_attn.v_proj
Our Tetris,0.2319660782814026,0.2318954668007791,3939.962890625,3954.39599609375,0.3649888752418164,1.1318262622019049,"[(0.0, 3954.39599609375), (0.004521057941019535, 3951.89697265625), (0.008211616892367601, 3949.68994140625), (0.03882186068221927, 3949.68994140625), (0.09663493186235428, 3949.53955078125), (0.1157980258576572, 3945.56298828125), (0.15481335064396262, 3945.15673828125), (0.17391924280673265, 3944.64697265625), (0.2318954668007791, 3939.962890625)]",3.0,model.layers.18.self_attn.v_proj
Sort Columns,0.0015131430700421333,0.0015131430700421333,12003.482421875,12003.798828125,0.002635884310712185,1.9985744853749114,"[(0.0, 12003.798828125), (0.0015131430700421333, 12003.482421875)]",,model.layers.18.self_attn.o_proj
Original Tetris,0.01105065317824483,0.0,12003.798828125,12003.798828125,0.0,0.0,"[(0.0, 12003.798828125)]",,model.layers.18.self_attn.o_proj
Random Swaps,0.03377370024099946,0.0,12003.482421875,12003.482421875,0.0,1.9985744853749114,"[(0.0, 12003.482421875)]",,model.layers.18.self_attn.o_proj
Our Tetris,0.2313293218612671,0.0,12003.798828125,12003.798828125,0.0,0.9588523504297709,"[(0.0, 12003.798828125), (0.0384662221185863, 12003.798828125)]",1.0,model.layers.18.self_attn.o_proj
Sort Columns,0.001149890013039112,0.001149890013039112,35319.9140625,35444.03125,0.3501779654367052,1.9987857147135617,"[(0.0, 35444.03125), (0.001149890013039112, 35319.9140625)]",,model.layers.18.mlp.gate_proj
Original Tetris,0.011085714679211378,0.0,35444.03125,35444.03125,0.0,0.0,"[(0.0, 35444.03125)]",,model.layers.18.mlp.gate_proj
Random Swaps,0.034270770847797394,0.004040261264890432,35319.36328125,35319.9140625,0.0015594071067822264,1.9994642259294515,"[(0.0, 35319.9140625), (0.004040261264890432, 35319.36328125)]",,model.layers.18.mlp.gate_proj
Our Tetris,0.24011420784518123,0.24003675300627947,35392.5,35444.03125,0.145387666646976,1.3026492651394728,"[(0.0, 35444.03125), (0.038506591226905584, 35444.03125), (0.05775712803006172, 35436.24609375), (0.07743195910006762, 35416.52734375), (0.09805162204429507, 35411.69140625), (0.1180116212926805, 35403.51953125), (0.15750082908198237, 35399.57421875), (0.24003675300627947, 35392.5)]",1.0,model.layers.18.mlp.gate_proj
Sort Columns,0.001275606919080019,0.001275606919080019,37712.48828125,38057.8671875,0.9075098836947929,1.9943513373431252,"[(0.0, 38057.8671875), (0.001275606919080019, 37712.48828125)]",,model.layers.18.mlp.up_proj
Original Tetris,0.012525381986051798,0.0,38057.8671875,38057.8671875,0.0,0.0,"[(0.0, 38057.8671875)]",,model.layers.18.mlp.up_proj
Random Swaps,0.042552508879452944,0.0,37712.48828125,37712.48828125,0.0,1.9943513373431252,"[(0.0, 37712.48828125)]",,model.layers.18.mlp.up_proj
Our Tetris,0.2683732667937875,0.26828805916011333,38027.21875,38057.8671875,0.0805311483930618,1.171441359856899,"[(0.0, 38057.8671875), (0.05431143706664443, 38057.8671875), (0.12037984700873494, 38055.25), (0.16223281202837825, 38053.640625), (0.20360225532203913, 38041.828125), (0.2445313399657607, 38040.57421875), (0.26828805916011333, 38027.21875)]",1.0,model.layers.18.mlp.up_proj
Sort Columns,0.0014673247933387756,0.0014673247933387756,35582.234375,35824.9609375,0.6775347583029029,1.9964960137745376,"[(0.0, 35824.9609375), (0.0014673247933387756, 35582.234375)]",,model.layers.18.mlp.down_proj
Original Tetris,0.012959035113453865,0.0,35824.9609375,35824.9609375,0.0,0.0,"[(0.0, 35824.9609375)]",,model.layers.18.mlp.down_proj
Random Swaps,0.08634116407483816,0.0,35582.234375,35582.234375,0.0,1.9964960137745376,"[(0.0, 35582.234375)]",,model.layers.18.mlp.down_proj
Our Tetris,2.2900863769464195,0.9466229472309351,35816.2265625,35824.9609375,0.02438069650721444,1.0155479479291587,"[(0.0, 35824.9609375), (0.3729285020381212, 35824.9609375), (0.7533013988286257, 35823.62890625), (0.9466229472309351, 35816.2265625)]",1.0,model.layers.18.mlp.down_proj
Sort Columns,0.0011324300430715084,0.0011324300430715084,11881.8828125,11969.8564453125,0.7349597985107936,1.9988098711832403,"[(0.0, 11969.8564453125), (0.0011324300430715084, 11881.8828125)]",,model.layers.19.self_attn.q_proj
Original Tetris,0.012033479753881693,0.0,11969.8564453125,11969.8564453125,0.0,0.0,"[(0.0, 11969.8564453125)]",,model.layers.19.self_attn.q_proj
Random Swaps,0.03559617605060339,0.0,11881.8828125,11881.8828125,0.0,1.9988098711832403,"[(0.0, 11881.8828125)]",,model.layers.19.self_attn.q_proj
Our Tetris,0.24494976829737425,0.2448760150000453,11939.52734375,11969.8564453125,0.25337899164510985,1.1438459993191776,"[(0.0, 11969.8564453125), (0.043760787695646286, 11969.8564453125), (0.06381193175911903, 11963.7998046875), (0.20481095369905233, 11955.365234375), (0.22538752388209105, 11948.96875), (0.2448760150000453, 11939.52734375)]",1.0,model.layers.19.self_attn.q_proj
Sort Columns,0.0011356421746313572,0.0011356421746313572,4032.22998046875,4057.09326171875,0.6128348461841101,1.993142519953466,"[(0.0, 4057.09326171875), (0.0011356421746313572, 4032.22998046875)]",,model.layers.19.self_attn.k_proj
Original Tetris,0.012134962249547243,0.0,4057.09326171875,4057.09326171875,0.0,0.0,"[(0.0, 4057.09326171875)]",,model.layers.19.self_attn.k_proj
Random Swaps,0.035927789285779,0.01795914489775896,4030.365478515625,4032.22998046875,0.04623997049166948,1.9965059841289496,"[(0.0, 4032.22998046875), (0.01795914489775896, 4030.365478515625)]",,model.layers.19.self_attn.k_proj
Our Tetris,0.23363888124004006,0.23356449883431196,4050.615234375,4057.09326171875,0.15967163991210898,1.0819365524874378,"[(0.0, 4057.09326171875), (0.03903075959533453, 4057.09326171875), (0.13641761895269156, 4056.377685546875), (0.15582516184076667, 4054.1396484375), (0.17560356995090842, 4050.910400390625), (0.214227007701993, 4050.63427734375), (0.23356449883431196, 4050.615234375)]",1.0,model.layers.19.self_attn.k_proj
Sort Columns,0.0010898257605731487,0.0010898257605731487,5378.8076171875,5458.95947265625,1.468262511752066,1.9974094088060053,"[(0.0, 5458.95947265625), (0.0010898257605731487, 5378.8076171875)]",,model.layers.19.self_attn.v_proj
Original Tetris,0.013273118063807487,0.005963171366602182,5452.97607421875,5458.95947265625,0.1096069400674368,0.0023519587414220153,"[(0.0, 5458.95947265625), (0.0035872613079845905, 5457.95849609375), (0.004952477291226387, 5455.5703125), (0.005963171366602182, 5452.97607421875)]",,model.layers.19.self_attn.v_proj
Random Swaps,0.03392539778724313,0.0,5378.8076171875,5378.8076171875,0.0,1.9974094088060053,"[(0.0, 5378.8076171875)]",,model.layers.19.self_attn.v_proj
Our Tetris,0.24224182683974504,0.24216702627018094,5439.59765625,5458.95947265625,0.3546796143703339,1.073277438318352,"[(0.0, 5458.95947265625), (0.0044606453739106655, 5458.4443359375), (0.008266863413155079, 5454.6015625), (0.01597253931686282, 5451.1826171875), (0.039345053024590015, 5451.1826171875), (0.058536083437502384, 5449.69140625), (0.11878107814118266, 5442.5654296875), (0.20236059231683612, 5439.64501953125), (0.24216702627018094, 5439.59765625)]",4.0,model.layers.19.self_attn.v_proj
Sort Columns,0.001148073934018612,0.001148073934018612,12948.103515625,12998.205078125,0.385449854028824,1.9996247472441218,"[(0.0, 12998.205078125), (0.001148073934018612, 12948.103515625)]",,model.layers.19.self_attn.o_proj
Original Tetris,0.01204234967008233,0.0,12998.205078125,12998.205078125,0.0,0.0,"[(0.0, 12998.205078125)]",,model.layers.19.self_attn.o_proj
Random Swaps,0.03409323003143072,0.0,12948.103515625,12948.103515625,0.0,1.9996247472441218,"[(0.0, 12948.103515625)]",,model.layers.19.self_attn.o_proj
Our Tetris,0.23460208205506206,0.0,12998.205078125,12998.205078125,0.0,0.9704514050277786,"[(0.0, 12998.205078125), (0.0392005480825901, 12998.205078125)]",1.0,model.layers.19.self_attn.o_proj
Sort Columns,0.0015366789884865284,0.0015366789884865284,35245.3828125,35456.828125,0.5963458202030022,2.003932087815891,"[(0.0, 35456.828125), (0.0015366789884865284, 35245.3828125)]",,model.layers.19.mlp.gate_proj
Original Tetris,0.01105854520574212,0.0,35456.828125,35456.828125,0.0,0.0,"[(0.0, 35456.828125)]",,model.layers.19.mlp.gate_proj
Random Swaps,0.03386554308235645,0.017084714025259018,35230.38671875,35245.3828125,0.042547682996598175,2.0026803658227554,"[(0.0, 35245.3828125), (0.007538542617112398, 35239.2734375), (0.017084714025259018, 35230.38671875)]",,model.layers.19.mlp.gate_proj
Our Tetris,0.23265067674219608,0.21284104883670807,35412.27734375,35456.828125,0.12564796008526213,1.206867515952913,"[(0.0, 35456.828125), (0.038532852195203304, 35456.828125), (0.05774748884141445, 35447.5859375), (0.11625738115981221, 35435.421875), (0.15478653088212013, 35419.984375), (0.21284104883670807, 35412.27734375)]",1.0,model.layers.19.mlp.gate_proj
Sort Columns,0.0011338959448039532,0.0011338959448039532,37669.1328125,37985.61328125,0.8331587709450442,1.9960042529058943,"[(0.0, 37985.61328125), (0.0011338959448039532, 37669.1328125)]",,model.layers.19.mlp.up_proj
Original Tetris,0.01166953006759286,0.0,37985.61328125,37985.61328125,0.0,0.0,"[(0.0, 37985.61328125)]",,model.layers.19.mlp.up_proj
Random Swaps,0.034004739951342344,0.0,37669.1328125,37669.1328125,0.0,1.9960042529058943,"[(0.0, 37669.1328125)]",,model.layers.19.mlp.up_proj
Our Tetris,0.23349172296002507,0.23342076176777482,37951.46484375,37985.61328125,0.08989834453154912,1.0792894543044742,"[(0.0, 37985.61328125), (0.038509802892804146, 37985.61328125), (0.13615305488929152, 37977.49609375), (0.2141219638288021, 37964.91796875), (0.23342076176777482, 37951.46484375)]",1.0,model.layers.19.mlp.up_proj
Sort Columns,0.0011495407670736313,0.0011495407670736313,35688.41015625,35942.703125,0.7074953930583094,1.99668650598183,"[(0.0, 35942.703125), (0.0011495407670736313, 35688.41015625)]",,model.layers.19.mlp.down_proj
Original Tetris,0.012360692955553532,0.0,35942.703125,35942.703125,0.0,0.0,"[(0.0, 35942.703125)]",,model.layers.19.mlp.down_proj
Random Swaps,0.08034048788249493,0.0,35688.41015625,35688.41015625,0.0,1.99668650598183,"[(0.0, 35688.41015625)]",,model.layers.19.mlp.down_proj
Our Tetris,2.2829656340181828,2.0885659935884178,35932.2578125,35942.703125,0.02906100986248513,1.017051892015075,"[(0.0, 35942.703125), (0.3760447446256876, 35942.703125), (0.5640518218278885, 35942.29296875), (1.1272116815671325, 35939.578125), (1.502483476884663, 35933.6640625), (2.0885659935884178, 35932.2578125)]",1.0,model.layers.19.mlp.down_proj
Sort Columns,0.0016248212195932865,0.0016248212195932865,11847.755859375,12052.548828125,1.6991673020407865,1.9813175503068148,"[(0.0, 12052.548828125), (0.0016248212195932865, 11847.755859375)]",,model.layers.20.self_attn.q_proj
Original Tetris,0.012277789879590273,0.0,12052.548828125,12052.548828125,0.0,0.0,"[(0.0, 12052.548828125)]",,model.layers.20.self_attn.q_proj
Random Swaps,0.03724222769960761,0.0,11847.755859375,11847.755859375,0.0,1.9813175503068148,"[(0.0, 11847.755859375)]",,model.layers.20.self_attn.q_proj
Our Tetris,0.27660604706034064,0.27652216609567404,12045.2763671875,12052.548828125,0.06033960983032472,0.9980521460150308,"[(0.0, 12052.548828125), (0.04396884981542826, 12052.548828125), (0.27652216609567404, 12045.2763671875)]",1.0,model.layers.20.self_attn.q_proj
Sort Columns,0.0012873397208750248,0.0012873397208750248,3479.85400390625,3575.5048828125,2.67517125668168,1.9866070473892432,"[(0.0, 3575.5048828125), (0.0012873397208750248, 3479.85400390625)]",,model.layers.20.self_attn.k_proj
Original Tetris,0.013837236911058426,0.0,3575.5048828125,3575.5048828125,0.0,0.0,"[(0.0, 3575.5048828125)]",,model.layers.20.self_attn.k_proj
Random Swaps,0.037505813874304295,0.0,3479.85400390625,3479.85400390625,0.0,1.9866070473892432,"[(0.0, 3479.85400390625)]",,model.layers.20.self_attn.k_proj
Our Tetris,0.2490201322361827,0.20685566775500774,3553.672607421875,3575.5048828125,0.6106067843893331,1.1615389990730443,"[(0.0, 3575.5048828125), (0.04118023905903101, 3575.5048828125), (0.08362358389422297, 3568.443115234375), (0.14266875106841326, 3556.79541015625), (0.18354699108749628, 3556.54150390625), (0.20685566775500774, 3553.672607421875)]",1.0,model.layers.20.self_attn.k_proj
Sort Columns,0.0011180420406162739,0.0011180420406162739,4530.54833984375,4658.35888671875,2.7436818412466084,2.0097174963297584,"[(0.0, 4658.35888671875), (0.0011180420406162739, 4530.54833984375)]",,model.layers.20.self_attn.v_proj
Original Tetris,0.013346801977604628,0.004491025116294622,4652.291015625,4658.35888671875,0.130257698930193,0.0017850882105134782,"[(0.0, 4658.35888671875), (0.003391771111637354, 4656.427734375), (0.004491025116294622, 4652.291015625)]",,model.layers.20.self_attn.v_proj
Random Swaps,0.03624634072184563,0.0,4530.54833984375,4530.54833984375,0.0,2.0097174963297584,"[(0.0, 4530.54833984375)]",,model.layers.20.self_attn.v_proj
Our Tetris,0.23890774510800838,0.23883336316794157,4640.734375,4658.35888671875,0.37834164664724523,1.207347757425519,"[(0.0, 4658.35888671875), (0.0047327508218586445, 4656.6328125), (0.008467031177133322, 4654.27587890625), (0.043009769171476364, 4654.27587890625), (0.10288697201758623, 4650.8115234375), (0.1802078108303249, 4649.681640625), (0.1994017050601542, 4647.9140625), (0.21918856399133801, 4645.21435546875), (0.23883336316794157, 4640.734375)]",3.0,model.layers.20.self_attn.v_proj
Sort Columns,0.0011421381495893002,0.0011421381495893002,13328.6650390625,13308.0185546875,-0.1551431889740465,1.9868220024336214,"[(0.0, 13308.0185546875), (0.0011421381495893002, 13328.6650390625)]",,model.layers.20.self_attn.o_proj
Original Tetris,0.011914886999875307,0.0,13308.0185546875,13308.0185546875,0.0,0.0,"[(0.0, 13308.0185546875)]",,model.layers.20.self_attn.o_proj
Random Swaps,0.03400501888245344,0.033966885413974524,13325.5751953125,13328.6650390625,0.023181944635449633,1.9853698168543883,"[(0.0, 13328.6650390625), (0.017326720058918, 13328.541015625), (0.030604378320276737, 13327.73046875), (0.033966885413974524, 13325.5751953125)]",,model.layers.20.self_attn.o_proj
Our Tetris,0.23529659770429134,0.0,13308.0185546875,13308.0185546875,0.0,0.9885949268353561,"[(0.0, 13308.0185546875), (0.03881634399294853, 13308.0185546875)]",1.0,model.layers.20.self_attn.o_proj
Sort Columns,0.0011517759412527084,0.0011517759412527084,34232.515625,34367.90625,0.39394493227238714,1.9957486908246165,"[(0.0, 34367.90625), (0.0011517759412527084, 34232.515625)]",,model.layers.20.mlp.gate_proj
Original Tetris,0.0113008301705122,0.0,34367.90625,34367.90625,0.0,0.0,"[(0.0, 34367.90625)]",,model.layers.20.mlp.gate_proj
Random Swaps,0.03409951599314809,0.024207901675254107,34221.5078125,34232.515625,0.03215601395055231,1.9948858819051618,"[(0.0, 34232.515625), (0.024207901675254107, 34221.5078125)]",,model.layers.20.mlp.gate_proj
Our Tetris,0.2327950419858098,0.2327229641377926,34341.77734375,34367.90625,0.0760270528554529,1.1155016865066345,"[(0.0, 34367.90625), (0.039056532084941864, 34367.90625), (0.07782838586717844, 34357.734375), (0.11633728072047234, 34343.0625), (0.2327229641377926, 34341.77734375)]",1.0,model.layers.20.mlp.gate_proj
Sort Columns,0.0011175530962646008,0.0011175530962646008,38334.28515625,38602.7109375,0.6953547425324524,1.9925807723314346,"[(0.0, 38602.7109375), (0.0011175530962646008, 38334.28515625)]",,model.layers.20.mlp.up_proj
Original Tetris,0.011417956091463566,0.0,38602.7109375,38602.7109375,0.0,0.0,"[(0.0, 38602.7109375)]",,model.layers.20.mlp.up_proj
Random Swaps,0.03452346194535494,0.024090636987239122,38319.8828125,38334.28515625,0.03757039864261522,1.9894497647923883,"[(0.0, 38334.28515625), (0.024090636987239122, 38319.8828125)]",,model.layers.20.mlp.up_proj
Our Tetris,0.2344406764023006,0.19405566481873393,38547.3359375,38602.7109375,0.1434484746153069,1.1663063988873041,"[(0.0, 38602.7109375), (0.03845050698146224, 38602.7109375), (0.05775754572823644, 38587.984375), (0.07702924497425556, 38574.796875), (0.09676421107724309, 38559.6875), (0.15534827578812838, 38555.1796875), (0.19405566481873393, 38547.3359375)]",1.0,model.layers.20.mlp.up_proj
Sort Columns,0.001146119087934494,0.001146119087934494,36398.07421875,36743.08984375,0.9389945877365758,1.9960009427851229,"[(0.0, 36743.08984375), (0.001146119087934494, 36398.07421875)]",,model.layers.20.mlp.down_proj
Original Tetris,0.012378992047160864,0.0,36743.08984375,36743.08984375,0.0,0.0,"[(0.0, 36743.08984375)]",,model.layers.20.mlp.down_proj
Random Swaps,0.08211442269384861,0.0,36398.07421875,36398.07421875,0.0,1.9960009427851229,"[(0.0, 36398.07421875)]",,model.layers.20.mlp.down_proj
Our Tetris,2.2680805483832955,2.2680028127506375,36695.921875,36743.08984375,0.1283723523268778,1.0901126808124144,"[(0.0, 36743.08984375), (0.3913156441412866, 36743.08984375), (1.1479382049292326, 36738.671875), (1.3329602051526308, 36726.68359375), (1.5175772560760379, 36720.80078125), (1.7038805200718343, 36720.515625), (1.8870742470026016, 36716.8125), (2.0760873379185796, 36710.4375), (2.2680028127506375, 36695.921875)]",1.0,model.layers.20.mlp.down_proj
Sort Columns,0.0010650320909917355,0.0010650320909917355,12056.14453125,12303.6162109375,2.01137352990177,1.9940985842629393,"[(0.0, 12303.6162109375), (0.0010650320909917355, 12056.14453125)]",,model.layers.21.self_attn.q_proj
Original Tetris,0.011891488917171955,0.0,12303.6162109375,12303.6162109375,0.0,0.0,"[(0.0, 12303.6162109375)]",,model.layers.21.self_attn.q_proj
Random Swaps,0.03505636099725962,0.0,12056.14453125,12056.14453125,0.0,1.9940985842629393,"[(0.0, 12056.14453125)]",,model.layers.21.self_attn.q_proj
Our Tetris,0.2341034752316773,0.11846029106527567,12288.95703125,12303.6162109375,0.1191452938402653,1.061809342960527,"[(0.0, 12303.6162109375), (0.04119120491668582, 12303.6162109375), (0.06036344775930047, 12303.357421875), (0.11846029106527567, 12288.95703125)]",1.0,model.layers.21.self_attn.q_proj
Sort Columns,0.0010621678084135056,0.0010621678084135056,3901.681640625,3950.17578125,1.2276451305074438,1.9894620252605923,"[(0.0, 3950.17578125), (0.0010621678084135056, 3901.681640625)]",,model.layers.21.self_attn.k_proj
Original Tetris,0.01156853698194027,0.0,3950.17578125,3950.17578125,0.0,0.0,"[(0.0, 3950.17578125)]",,model.layers.21.self_attn.k_proj
Random Swaps,0.03452576603740454,0.0,3901.681640625,3901.681640625,0.0,1.9894620252605923,"[(0.0, 3901.681640625)]",,model.layers.21.self_attn.k_proj
Our Tetris,0.23156057205051184,0.1933100949972868,3938.67431640625,3950.17578125,0.29116336792765357,1.129273933540455,"[(0.0, 3950.17578125), (0.038346231915056705, 3950.17578125), (0.05803007259964943, 3949.405517578125), (0.0770131116732955, 3946.1318359375), (0.09658576268702745, 3945.05810546875), (0.1157081387937069, 3945.02099609375), (0.15450150379911065, 3942.32470703125), (0.1933100949972868, 3938.67431640625)]",1.0,model.layers.21.self_attn.k_proj
Sort Columns,0.0011030957102775574,0.0011030957102775574,4830.267578125,4938.5625,2.192842995811028,2.0061253009524735,"[(0.0, 4938.5625), (0.0011030957102775574, 4830.267578125)]",,model.layers.21.self_attn.v_proj
Original Tetris,0.012483964674174786,0.003919851966202259,4930.46240234375,4938.5625,0.1640173158940481,0.00229362372577176,"[(0.0, 4938.5625), (0.002347134053707123, 4934.654296875), (0.003919851966202259, 4930.46240234375)]",,model.layers.21.self_attn.v_proj
Random Swaps,0.03492910834029317,0.0,4830.267578125,4830.267578125,0.0,2.0061253009524735,"[(0.0, 4830.267578125)]",,model.layers.21.self_attn.v_proj
Our Tetris,0.23098017927259207,0.1736984709277749,4923.888671875,4938.5625,0.2971275168634598,1.1716936281915429,"[(0.0, 4938.5625), (0.004478313960134983, 4934.654296875), (0.008132275193929672, 4930.46240234375), (0.03829070692881942, 4930.46240234375), (0.09569149697199464, 4928.6669921875), (0.11507962411269546, 4928.52978515625), (0.13451224006712437, 4926.7548828125), (0.1543728532269597, 4924.015625), (0.1736984709277749, 4923.888671875)]",3.0,model.layers.21.self_attn.v_proj
Sort Columns,0.001094224862754345,0.001094224862754345,13098.5458984375,13112.837890625,0.10899236539573201,1.9913045039198642,"[(0.0, 13112.837890625), (0.001094224862754345, 13098.5458984375)]",,model.layers.21.self_attn.o_proj
Original Tetris,0.011370462831109762,0.0,13112.837890625,13112.837890625,0.0,0.0,"[(0.0, 13112.837890625)]",,model.layers.21.self_attn.o_proj
Random Swaps,0.034919679164886475,0.0,13098.5458984375,13098.5458984375,0.0,1.9913045039198642,"[(0.0, 13098.5458984375)]",,model.layers.21.self_attn.o_proj
Our Tetris,0.23157523898407817,0.1923307590186596,13111.6552734375,13112.837890625,0.009018773795301093,1.1728040341793144,"[(0.0, 13112.837890625), (0.039104722905904055, 13112.837890625), (0.058146500028669834, 13112.501953125), (0.1923307590186596, 13111.6552734375)]",1.0,model.layers.21.self_attn.o_proj
Sort Columns,0.0010865428484976292,0.0010865428484976292,35116.3671875,35304.71875,0.5335025151559946,1.9855314533762765,"[(0.0, 35304.71875), (0.0010865428484976292, 35116.3671875)]",,model.layers.21.mlp.gate_proj
Original Tetris,0.011412368156015873,0.0,35304.71875,35304.71875,0.0,0.0,"[(0.0, 35304.71875)]",,model.layers.21.mlp.gate_proj
Random Swaps,0.03541542310267687,0.021372358314692974,35106.2734375,35116.3671875,0.028743719263742536,1.9886120596213843,"[(0.0, 35116.3671875), (0.021372358314692974, 35106.2734375)]",,model.layers.21.mlp.gate_proj
Our Tetris,0.23124020406976342,0.2311691027134657,35289.5390625,35304.71875,0.042996200047621114,1.0961937429992832,"[(0.0, 35304.71875), (0.038018738850951195, 35304.71875), (0.0766889019869268, 35300.93359375), (0.17316431272774935, 35295.5078125), (0.21152402460575104, 35294.74609375), (0.2311691027134657, 35289.5390625)]",1.0,model.layers.21.mlp.gate_proj
Sort Columns,0.0010769041255116463,0.0010769041255116463,39024.3515625,39248.7890625,0.5718329287627305,2.0001802046905524,"[(0.0, 39248.7890625), (0.0010769041255116463, 39024.3515625)]",,model.layers.21.mlp.up_proj
Original Tetris,0.011688038241118193,0.0,39248.7890625,39248.7890625,0.0,0.0,"[(0.0, 39248.7890625)]",,model.layers.21.mlp.up_proj
Random Swaps,0.03478963114321232,0.0,39024.3515625,39024.3515625,0.0,2.0001802046905524,"[(0.0, 39024.3515625)]",,model.layers.21.mlp.up_proj
Our Tetris,0.2371888468042016,0.23711404483765364,39225.48828125,39248.7890625,0.059366879352368555,1.0908087696392896,"[(0.0, 39248.7890625), (0.038819904904812574, 39248.7890625), (0.11953083984553814, 39248.171875), (0.19780747592449188, 39242.09765625), (0.23711404483765364, 39225.48828125)]",1.0,model.layers.21.mlp.up_proj
Sort Columns,0.0011415090411901474,0.0011415090411901474,37319.09765625,37590.94921875,0.7231835538869635,1.999482380089681,"[(0.0, 37590.94921875), (0.0011415090411901474, 37319.09765625)]",,model.layers.21.mlp.down_proj
Original Tetris,0.012916221749037504,0.0,37590.94921875,37590.94921875,0.0,0.0,"[(0.0, 37590.94921875)]",,model.layers.21.mlp.down_proj
Random Swaps,0.08778977207839489,0.0,37319.09765625,37319.09765625,0.0,1.999482380089681,"[(0.0, 37319.09765625)]",,model.layers.21.mlp.down_proj
Our Tetris,2.2709065950475633,2.2702707471325994,37561.0078125,37590.94921875,0.07965057247095404,1.0751410776160817,"[(0.0, 37590.94921875), (0.37700075237080455, 37590.94921875), (0.5638083503581583, 37584.27734375), (0.7542581059969962, 37577.6796875), (1.7095604790374637, 37574.01171875), (2.0845712032169104, 37564.453125), (2.2702707471325994, 37561.0078125)]",1.0,model.layers.21.mlp.down_proj
Sort Columns,0.0010555330663919449,0.0010555330663919449,12206.939453125,12372.5419921875,1.3384681916381276,2.0101607722186885,"[(0.0, 12372.5419921875), (0.0010555330663919449, 12206.939453125)]",,model.layers.22.self_attn.q_proj
Original Tetris,0.011112812906503677,0.0,12372.5419921875,12372.5419921875,0.0,0.0,"[(0.0, 12372.5419921875)]",,model.layers.22.self_attn.q_proj
Random Swaps,0.03452108707278967,0.0,12206.939453125,12206.939453125,0.0,2.0101607722186885,"[(0.0, 12206.939453125)]",,model.layers.22.self_attn.q_proj
Our Tetris,0.233838003128767,0.06015496701002121,12365.828125,12372.5419921875,0.05426425056176326,0.9988469558469052,"[(0.0, 12372.5419921875), (0.04113093111664057, 12372.5419921875), (0.06015496701002121, 12365.828125)]",1.0,model.layers.22.self_attn.q_proj
Sort Columns,0.0010611903853714466,0.0010611903853714466,4064.051513671875,4122.1171875,1.4086371441405072,2.000435169204968,"[(0.0, 4122.1171875), (0.0010611903853714466, 4064.051513671875)]",,model.layers.22.self_attn.k_proj
Original Tetris,0.011570074129849672,0.0,4122.1171875,4122.1171875,0.0,0.0,"[(0.0, 4122.1171875)]",,model.layers.22.self_attn.k_proj
Random Swaps,0.034480647649616,0.0,4064.051513671875,4064.051513671875,0.0,2.000435169204968,"[(0.0, 4064.051513671875)]",,model.layers.22.self_attn.k_proj
Our Tetris,0.2308613769710064,0.23078692518174648,4111.70458984375,4122.1171875,0.2526031450009571,1.2139306252747257,"[(0.0, 4122.1171875), (0.038508267141878605, 4122.1171875), (0.09646360902115703, 4119.19775390625), (0.11560979997739196, 4117.67138671875), (0.13465094799175858, 4116.0458984375), (0.17270474880933762, 4113.2353515625), (0.21165686706081033, 4112.4208984375), (0.23078692518174648, 4111.70458984375)]",1.0,model.layers.22.self_attn.k_proj
Sort Columns,0.0010755080729722977,0.0010755080729722977,5160.6064453125,5265.416015625,1.9905278139748128,1.9847133299049942,"[(0.0, 5265.416015625), (0.0010755080729722977, 5160.6064453125)]",,model.layers.22.self_attn.v_proj
Original Tetris,0.01192445494234562,0.0030216751620173454,5260.79296875,5265.416015625,0.08780022055771501,0.0010990599667403068,"[(0.0, 5265.416015625), (0.0019897487945854664, 5264.10009765625), (0.0030216751620173454, 5260.79296875)]",,model.layers.22.self_attn.v_proj
Random Swaps,0.03528774995356798,0.0,5160.6064453125,5160.6064453125,0.0,1.9847133299049942,"[(0.0, 5160.6064453125)]",,model.layers.22.self_attn.v_proj
Our Tetris,0.23108214884996414,0.09634501487016678,5254.83984375,5265.416015625,0.200861087587675,1.1405944776120747,"[(0.0, 5265.416015625), (0.003946043085306883, 5263.384765625), (0.008185844868421555, 5260.513671875), (0.038315361831337214, 5260.513671875), (0.07722948491573334, 5260.048828125), (0.09634501487016678, 5254.83984375)]",3.0,model.layers.22.self_attn.v_proj
Sort Columns,0.00106377387419343,0.00106377387419343,13894.6640625,13974.4501953125,0.570942911509055,2.002298489440918,"[(0.0, 13974.4501953125), (0.00106377387419343, 13894.6640625)]",,model.layers.22.self_attn.o_proj
Original Tetris,0.01183205284178257,0.0,13974.4501953125,13974.4501953125,0.0,0.0,"[(0.0, 13974.4501953125)]",,model.layers.22.self_attn.o_proj
Random Swaps,0.034458786714822054,0.0,13894.6640625,13894.6640625,0.0,2.002298489440918,"[(0.0, 13894.6640625)]",,model.layers.22.self_attn.o_proj
Our Tetris,0.23151517380028963,0.23143953504040837,13958.7099609375,13974.4501953125,0.1126358043072049,1.1617625841839114,"[(0.0, 13974.4501953125), (0.039227297995239496, 13974.4501953125), (0.05845290096476674, 13973.853515625), (0.1352552971802652, 13969.591796875), (0.1548284380696714, 13968.0341796875), (0.19313045917078853, 13962.3642578125), (0.23143953504040837, 13958.7099609375)]",1.0,model.layers.22.self_attn.o_proj
Sort Columns,0.0011831359006464481,0.0011831359006464481,34435.1484375,34699.80078125,0.7626912483399749,1.990845613189611,"[(0.0, 34699.80078125), (0.0011831359006464481, 34435.1484375)]",,model.layers.22.mlp.gate_proj
Original Tetris,0.011562880128622055,0.0,34699.80078125,34699.80078125,0.0,0.0,"[(0.0, 34699.80078125)]",,model.layers.22.mlp.gate_proj
Random Swaps,0.03560113441199064,0.0,34435.1484375,34435.1484375,0.0,1.990845613189611,"[(0.0, 34435.1484375)]",,model.layers.22.mlp.gate_proj
Our Tetris,0.2305507860146463,0.2115258420817554,34635.6484375,34699.80078125,0.18487813274324227,1.1384569439595176,"[(0.0, 34699.80078125), (0.03850694000720978, 34699.80078125), (0.0577442767098546, 34667.4609375), (0.15413657575845718, 34665.79296875), (0.17328248778358102, 34656.171875), (0.2115258420817554, 34635.6484375)]",1.0,model.layers.22.mlp.gate_proj
Sort Columns,0.0010788608342409134,0.0010788608342409134,39507.96875,39821.0234375,0.7861542985989459,2.003900309672721,"[(0.0, 39821.0234375), (0.0010788608342409134, 39507.96875)]",,model.layers.22.mlp.up_proj
Original Tetris,0.011355307884514332,0.0,39821.0234375,39821.0234375,0.0,0.0,"[(0.0, 39821.0234375)]",,model.layers.22.mlp.up_proj
Random Swaps,0.03481589164584875,0.007247718051075935,39499.078125,39507.96875,0.022503371550834286,2.003797220607824,"[(0.0, 39507.96875), (0.007247718051075935, 39499.078125)]",,model.layers.22.mlp.up_proj
Our Tetris,0.23150756070390344,0.19264728715643287,39813.76953125,39821.0234375,0.01821627277205763,1.028486944933151,"[(0.0, 39821.0234375), (0.03810492483898997, 39821.0234375), (0.19264728715643287, 39813.76953125)]",1.0,model.layers.22.mlp.up_proj
Sort Columns,0.0010827016085386276,0.0010827016085386276,37945.6796875,38202.66796875,0.6726972091588417,2.006409131695311,"[(0.0, 38202.66796875), (0.0010827016085386276, 37945.6796875)]",,model.layers.22.mlp.down_proj
Original Tetris,0.01243940507993102,0.0,38202.66796875,38202.66796875,0.0,0.0,"[(0.0, 38202.66796875)]",,model.layers.22.mlp.down_proj
Random Swaps,0.08236313285306096,0.0,37945.6796875,37945.6796875,0.0,2.006409131695311,"[(0.0, 37945.6796875)]",,model.layers.22.mlp.down_proj
Our Tetris,2.1986402040347457,0.546083876863122,38192.0,38202.66796875,0.027924669446454525,1.012403613072346,"[(0.0, 38202.66796875), (0.36380844190716743, 38202.66796875), (0.546083876863122, 38192.0)]",1.0,model.layers.22.mlp.down_proj
Sort Columns,0.001059792935848236,0.001059792935848236,9511.77734375,10285.732421875,7.524549991977282,1.985581162647781,"[(0.0, 10285.732421875), (0.001059792935848236, 9511.77734375)]",,model.layers.23.self_attn.q_proj
Original Tetris,0.028124680742621422,0.023777042981237173,10199.736328125,10285.732421875,0.8360716594873625,0.022583489470852022,"[(0.0, 10285.732421875), (0.013866641093045473, 10254.3251953125), (0.01792848389595747, 10204.6767578125), (0.01965213194489479, 10199.8408203125), (0.021042700856924057, 10199.814453125), (0.02275580307468772, 10199.755859375), (0.023777042981237173, 10199.736328125)]",,model.layers.23.self_attn.q_proj
Random Swaps,0.03489020513370633,0.0,9511.77734375,9511.77734375,0.0,1.985581162647781,"[(0.0, 9511.77734375)]",,model.layers.23.self_attn.q_proj
Our Tetris,0.23485547211021185,0.17638434236869216,10136.6171875,10285.732421875,1.4497288890956546,1.1960843601561315,"[(0.0, 10285.732421875), (0.00758023839443922, 10256.5634765625), (0.011328557040542364, 10203.455078125), (0.01496142614632845, 10199.5), (0.019144166260957718, 10199.1865234375), (0.02286685211583972, 10199.1484375), (0.04188418434932828, 10199.474609375), (0.11904466431587934, 10185.7978515625), (0.1382222850807011, 10160.466796875), (0.15723968716338277, 10141.74609375), (0.17638434236869216, 10136.6171875)]",6.0,model.layers.23.self_attn.q_proj
Sort Columns,0.0010507842525839806,0.0010507842525839806,3075.071533203125,3279.92529296875,6.2456837112959445,1.9897233238698,"[(0.0, 3279.92529296875), (0.0010507842525839806, 3075.071533203125)]",,model.layers.23.self_attn.k_proj
Original Tetris,0.01693657785654068,0.010393363889306784,3264.96826171875,3279.92529296875,0.4560174368014944,0.00984240407486217,"[(0.0, 3279.92529296875), (0.005882571917027235, 3275.17919921875), (0.007270277012139559, 3267.22314453125), (0.00898393802344799, 3265.4345703125), (0.010393363889306784, 3264.96826171875)]",,model.layers.23.self_attn.k_proj
Random Swaps,0.03480276186019182,0.0,3075.071533203125,3075.071533203125,0.0,1.9897233238698,"[(0.0, 3075.071533203125)]",,model.layers.23.self_attn.k_proj
Our Tetris,0.23486336413770914,0.23479079734534025,3219.0634765625,3279.92529296875,1.855585446922247,1.2857434573030515,"[(0.0, 3279.92529296875), (0.004037467297166586, 3277.2919921875), (0.008303808979690075, 3269.027099609375), (0.011981936171650887, 3263.255859375), (0.027119226288050413, 3262.4462890625), (0.030751745216548443, 3262.2421875), (0.038148158229887486, 3262.2421875), (0.07737252209335566, 3254.5771484375), (0.0964302932843566, 3251.256591796875), (0.11560435220599174, 3250.978515625), (0.13464228715747595, 3241.46923828125), (0.15404584910720587, 3231.06396484375), (0.17384192813187838, 3229.392578125), (0.19356006104499102, 3225.56494140625), (0.23479079734534025, 3219.0634765625)]",6.0,model.layers.23.self_attn.k_proj
Sort Columns,0.0010526692494750023,0.0010526692494750023,5217.587890625,5437.58837890625,4.045920230642803,1.9878539264176893,"[(0.0, 5437.58837890625), (0.0010526692494750023, 5217.587890625)]",,model.layers.23.self_attn.v_proj
Original Tetris,0.017521369736641645,0.008555172942578793,5398.923828125,5437.58837890625,0.7110606409863489,0.009063306354571674,"[(0.0, 5437.58837890625), (0.00681085092946887, 5422.689453125), (0.008555172942578793, 5398.923828125)]",,model.layers.23.self_attn.v_proj
Random Swaps,0.03428753186017275,0.0,5217.587890625,5217.587890625,0.0,1.9878539264176893,"[(0.0, 5217.587890625)]",,model.layers.23.self_attn.v_proj
Our Tetris,0.23093450209125876,0.11517321411520243,5386.677734375,5437.58837890625,0.9362724977261057,0.9719706312156158,"[(0.0, 5437.58837890625), (0.004094040021300316, 5423.962890625), (0.007803317159414291, 5398.208984375), (0.011981167830526829, 5397.9658203125), (0.03800344420596957, 5398.01611328125), (0.09595075389370322, 5393.724609375), (0.11517321411520243, 5386.677734375)]",4.0,model.layers.23.self_attn.v_proj
Sort Columns,0.0012158919125795364,0.0012158919125795364,16951.2734375,16974.46484375,0.13662525719353727,1.9909359917688962,"[(0.0, 16974.46484375), (0.0012158919125795364, 16951.2734375)]",,model.layers.23.self_attn.o_proj
Original Tetris,0.011937725823372602,0.0,16974.46484375,16974.46484375,0.0,0.0,"[(0.0, 16974.46484375)]",,model.layers.23.self_attn.o_proj
Random Swaps,0.035394747741520405,0.0,16951.2734375,16951.2734375,0.0,1.9909359917688962,"[(0.0, 16951.2734375)]",,model.layers.23.self_attn.o_proj
Our Tetris,0.23206763016059995,0.07785646198317409,16971.48828125,16974.46484375,0.017535530736310492,0.998976976098133,"[(0.0, 16974.46484375), (0.03863922180607915, 16974.46484375), (0.07785646198317409, 16971.48828125)]",1.0,model.layers.23.self_attn.o_proj
Sort Columns,0.0010769753716886044,0.0010769753716886044,34932.0625,35121.47265625,0.5393001543638113,1.996980645788393,"[(0.0, 35121.47265625), (0.0010769753716886044, 34932.0625)]",,model.layers.23.mlp.gate_proj
Original Tetris,0.011725961696356535,0.0,35121.47265625,35121.47265625,0.0,0.0,"[(0.0, 35121.47265625)]",,model.layers.23.mlp.gate_proj
Random Swaps,0.03465825691819191,0.0,34932.0625,34932.0625,0.0,1.996980645788393,"[(0.0, 34932.0625)]",,model.layers.23.mlp.gate_proj
Our Tetris,0.23038204573094845,0.21124779805541039,35100.796875,35121.47265625,0.05886934597635861,1.1173628795047055,"[(0.0, 35121.47265625), (0.039029642939567566, 35121.47265625), (0.058087414130568504, 35119.015625), (0.13442584592849016, 35113.671875), (0.17314859991893172, 35107.9921875), (0.21124779805541039, 35100.796875)]",1.0,model.layers.23.mlp.gate_proj
Sort Columns,0.0010607009753584862,0.0010607009753584862,40509.2734375,40683.27734375,0.4277037584257737,1.9890958629627078,"[(0.0, 40683.27734375), (0.0010607009753584862, 40509.2734375)]",,model.layers.23.mlp.up_proj
Original Tetris,0.011724356096237898,0.0,40683.27734375,40683.27734375,0.0,0.0,"[(0.0, 40683.27734375)]",,model.layers.23.mlp.up_proj
Random Swaps,0.034450685139745474,0.01102355495095253,40467.7109375,40509.2734375,0.10259996409001255,1.9860861171886202,"[(0.0, 40509.2734375), (0.003836460877209902, 40503.9453125), (0.007717549800872803, 40473.6796875), (0.01102355495095253, 40467.7109375)]",,model.layers.23.mlp.up_proj
Our Tetris,0.23011217406019568,0.2300391891039908,40637.59765625,40683.27734375,0.11228123809700295,1.2129543936731655,"[(0.0, 40683.27734375), (0.038629514165222645, 40683.27734375), (0.07688550977036357, 40666.9921875), (0.11501299403607845, 40658.6484375), (0.13410051772370934, 40645.953125), (0.19185869302600622, 40637.69140625), (0.2300391891039908, 40637.59765625)]",1.0,model.layers.23.mlp.up_proj
Sort Columns,0.0010621682740747929,0.0010621682740747929,38622.41796875,38933.89453125,0.8000138857159426,2.001995557928632,"[(0.0, 38933.89453125), (0.0010621682740747929, 38622.41796875)]",,model.layers.23.mlp.down_proj
Original Tetris,0.012282398995012045,0.0,38933.89453125,38933.89453125,0.0,0.0,"[(0.0, 38933.89453125)]",,model.layers.23.mlp.down_proj
Random Swaps,0.08223322639241815,0.0,38622.41796875,38622.41796875,0.0,2.001995557928632,"[(0.0, 38622.41796875)]",,model.layers.23.mlp.down_proj
Our Tetris,2.2306242557242513,2.2305525266565382,38910.015625,38933.89453125,0.06133192309039049,1.0370972463443648,"[(0.0, 38933.89453125), (0.3695458807051182, 38933.89453125), (0.5574444229714572, 38930.41796875), (0.7433808729983866, 38923.3046875), (1.4869538838975132, 38919.8515625), (1.6720079416409135, 38911.328125), (2.2305525266565382, 38910.015625)]",1.0,model.layers.23.mlp.down_proj
Sort Columns,0.001056022010743618,0.001056022010743618,10286.6494140625,10901.9326171875,5.6437993586107105,1.9732480206005076,"[(0.0, 10901.9326171875), (0.001056022010743618, 10286.6494140625)]",,model.layers.24.self_attn.q_proj
Original Tetris,0.019131525419652462,0.011739302892237902,10841.357421875,10901.9326171875,0.5556372199274086,0.023741967757027905,"[(0.0, 10901.9326171875), (0.00737825408577919, 10885.59765625), (0.010650594253093004, 10846.2509765625), (0.011739302892237902, 10841.357421875)]",,model.layers.24.self_attn.q_proj
Random Swaps,0.03417732007801533,0.0,10286.6494140625,10286.6494140625,0.0,1.9732480206005076,"[(0.0, 10286.6494140625)]",,model.layers.24.self_attn.q_proj
Our Tetris,0.2317668180912733,0.2316911779344082,10792.755859375,10901.9326171875,1.0014440709381822,1.0618590905878644,"[(0.0, 10901.9326171875), (0.0073686158284544945, 10888.119140625), (0.01106057083234191, 10845.4140625), (0.014734576921910048, 10837.0634765625), (0.018369610887020826, 10833.1953125), (0.041267822962254286, 10833.1953125), (0.13672094698995352, 10820.7705078125), (0.15592154581099749, 10808.857421875), (0.1748350220732391, 10796.583984375), (0.2316911779344082, 10792.755859375)]",5.0,model.layers.24.self_attn.q_proj
Sort Columns,0.001067965291440487,0.001067965291440487,3045.8994140625,3145.48046875,3.165845589468024,1.9869523241539164,"[(0.0, 3145.48046875), (0.001067965291440487, 3045.8994140625)]",,model.layers.24.self_attn.k_proj
Original Tetris,0.011045903898775578,0.0,3145.48046875,3145.48046875,0.0,0.0,"[(0.0, 3145.48046875)]",,model.layers.24.self_attn.k_proj
Random Swaps,0.03423668723553419,0.0,3045.8994140625,3045.8994140625,0.0,1.9869523241539164,"[(0.0, 3045.8994140625)]",,model.layers.24.self_attn.k_proj
Our Tetris,0.22953268885612488,0.22946214815601707,3129.69580078125,3145.48046875,0.5018205684495239,1.1978034044602477,"[(0.0, 3145.48046875), (0.03800114011391997, 3145.48046875), (0.05702280206605792, 3142.4541015625), (0.07601191708818078, 3140.7001953125), (0.19148245127871633, 3136.306640625), (0.2104311971925199, 3131.869140625), (0.22946214815601707, 3129.69580078125)]",1.0,model.layers.24.self_attn.k_proj
Sort Columns,0.0010598627850413322,0.0010598627850413322,5859.42626953125,6058.240234375,3.281711473171065,2.0049543827145597,"[(0.0, 6058.240234375), (0.0010598627850413322, 5859.42626953125)]",,model.layers.24.self_attn.v_proj
Original Tetris,0.013570858165621758,0.005218577105551958,6034.81298828125,6058.240234375,0.3867005134729009,0.004433817825504337,"[(0.0, 6058.240234375), (0.004194054286926985, 6049.01123046875), (0.005218577105551958, 6034.81298828125)]",,model.layers.24.self_attn.v_proj
Random Swaps,0.03438070323318243,0.017431273125112057,5858.71875,5859.42626953125,0.012074894344674484,2.0002880541840367,"[(0.0, 5859.42626953125), (0.017431273125112057, 5858.71875)]",,model.layers.24.self_attn.v_proj
Our Tetris,0.2288457858376205,0.2096187872812152,6010.38134765625,6058.240234375,0.7899800085046871,1.1862470544718422,"[(0.0, 6058.240234375), (0.003959104418754578, 6050.00537109375), (0.00755293108522892, 6031.7138671875), (0.022538522258400917, 6030.96435546875), (0.03749589715152979, 6031.39453125), (0.05647299997508526, 6025.361328125), (0.09520224900916219, 6020.30078125), (0.11415246222168207, 6012.2275390625), (0.2096187872812152, 6010.38134765625)]",4.0,model.layers.24.self_attn.v_proj
Sort Columns,0.0015163547359406948,0.0015163547359406948,14242.578125,14424.8232421875,1.263413174135109,1.9813656672326294,"[(0.0, 14424.8232421875), (0.0015163547359406948, 14242.578125)]",,model.layers.24.self_attn.o_proj
Original Tetris,0.011120147071778774,0.0,14424.8232421875,14424.8232421875,0.0,0.0,"[(0.0, 14424.8232421875)]",,model.layers.24.self_attn.o_proj
Random Swaps,0.034389502834528685,0.0,14242.578125,14242.578125,0.0,1.9813656672326294,"[(0.0, 14242.578125)]",,model.layers.24.self_attn.o_proj
Our Tetris,0.22976344916969538,0.0,14424.8232421875,14424.8232421875,0.0,0.9649977114159423,"[(0.0, 14424.8232421875), (0.038321228232234716, 14424.8232421875)]",1.0,model.layers.24.self_attn.o_proj
Sort Columns,0.0011184611357748508,0.0011184611357748508,35900.53125,36024.75,0.3448150230050174,1.9977215515154307,"[(0.0, 36024.75), (0.0011184611357748508, 35900.53125)]",,model.layers.24.mlp.gate_proj
Original Tetris,0.011255433317273855,0.0,36024.75,36024.75,0.0,0.0,"[(0.0, 36024.75)]",,model.layers.24.mlp.gate_proj
Random Swaps,0.03540403814986348,0.035362971015274525,35895.36328125,35900.53125,0.014395243106604446,2.000931690624585,"[(0.0, 35900.53125), (0.018175657838582993, 35899.7734375), (0.02802054677158594, 35898.4140625), (0.035362971015274525, 35895.36328125)]",,model.layers.24.mlp.gate_proj
Our Tetris,0.22906188014894724,0.21004301216453314,35990.21875,36024.75,0.09585423909950798,1.1311865684349809,"[(0.0, 36024.75), (0.03810408804565668, 36024.75), (0.1527517349459231, 36018.00390625), (0.1719920737668872, 36007.703125), (0.19101639091968536, 36007.21875), (0.21004301216453314, 35990.21875)]",1.0,model.layers.24.mlp.gate_proj
Sort Columns,0.0010822131298482418,0.0010822131298482418,41208.3671875,41390.2109375,0.43933999339744245,2.0033887155628265,"[(0.0, 41390.2109375), (0.0010822131298482418, 41208.3671875)]",,model.layers.24.mlp.up_proj
Original Tetris,0.0111333467066288,0.0,41390.2109375,41390.2109375,0.0,0.0,"[(0.0, 41390.2109375)]",,model.layers.24.mlp.up_proj
Random Swaps,0.03481149161234498,0.027595343999564648,41192.9921875,41208.3671875,0.03731038390830442,2.0031665047062477,"[(0.0, 41208.3671875), (0.027595343999564648, 41192.9921875)]",,model.layers.24.mlp.up_proj
Our Tetris,0.22847415320575237,0.22840270400047302,41336.4765625,41390.2109375,0.1298238732852556,1.1124627799377624,"[(0.0, 41390.2109375), (0.037934649270027876, 41390.2109375), (0.07608127035200596, 41378.921875), (0.1146648982539773, 41369.9765625), (0.13358144694939256, 41359.4296875), (0.152685453183949, 41359.14453125), (0.1716393679380417, 41351.046875), (0.20946387527510524, 41347.6484375), (0.22840270400047302, 41336.4765625)]",1.0,model.layers.24.mlp.up_proj
Sort Columns,0.0010602818801999092,0.0010602818801999092,39329.2109375,39589.9296875,0.6585481511534953,2.0002230410936117,"[(0.0, 39589.9296875), (0.0010602818801999092, 39329.2109375)]",,model.layers.24.mlp.down_proj
Original Tetris,0.011823113076388836,0.0,39589.9296875,39589.9296875,0.0,0.0,"[(0.0, 39589.9296875)]",,model.layers.24.mlp.down_proj
Random Swaps,0.08202732866629958,0.0,39329.2109375,39329.2109375,0.0,2.0002230410936117,"[(0.0, 39329.2109375)]",,model.layers.24.mlp.down_proj
Our Tetris,2.2277155169285834,2.0398643990047276,39584.3046875,39589.9296875,0.014208158600938409,1.0084099287923107,"[(0.0, 39589.9296875), (0.36733529018238187, 39589.9296875), (2.0398643990047276, 39584.3046875)]",1.0,model.layers.24.mlp.down_proj
Sort Columns,0.0010621678084135056,0.0010621678084135056,12989.3037109375,13094.453125,0.8030072967442082,1.9989153299098643,"[(0.0, 13094.453125), (0.0010621678084135056, 12989.3037109375)]",,model.layers.25.self_attn.q_proj
Original Tetris,0.011881013866513968,0.0,13094.453125,13094.453125,0.0,0.0,"[(0.0, 13094.453125)]",,model.layers.25.self_attn.q_proj
Random Swaps,0.03420379105955362,0.0,12989.3037109375,12989.3037109375,0.0,1.9989153299098643,"[(0.0, 12989.3037109375)]",,model.layers.25.self_attn.q_proj
Our Tetris,0.23149135801941156,0.2314179539680481,13072.791015625,13094.453125,0.1654296606984112,1.1655152478813473,"[(0.0, 13094.453125), (0.04051044816151261, 13094.453125), (0.07952737994492054, 13090.255859375), (0.1173156388103962, 13088.5263671875), (0.13634651992470026, 13082.443359375), (0.15525273187085986, 13077.154296875), (0.1740512470714748, 13075.822265625), (0.2314179539680481, 13072.791015625)]",1.0,model.layers.25.self_attn.q_proj
Sort Columns,0.001061330083757639,0.001061330083757639,4060.669677734375,4071.5009765625,0.2660271700897315,1.9995671859714452,"[(0.0, 4071.5009765625), (0.001061330083757639, 4060.669677734375)]",,model.layers.25.self_attn.k_proj
Original Tetris,0.01160087389871478,0.0,4071.5009765625,4071.5009765625,0.0,0.0,"[(0.0, 4071.5009765625)]",,model.layers.25.self_attn.k_proj
Random Swaps,0.03449154319241643,0.02388704475015402,4059.025634765625,4060.669677734375,0.040486991043981777,2.0015794589632496,"[(0.0, 4060.669677734375), (0.004044940695166588, 4060.052490234375), (0.02388704475015402, 4059.025634765625)]",,model.layers.25.self_attn.k_proj
Our Tetris,0.22897380823269486,0.17124936683103442,4065.61572265625,4071.5009765625,0.14454752535068335,1.0722744185052255,"[(0.0, 4071.5009765625), (0.03790796874091029, 4071.5009765625), (0.05740847298875451, 4068.68017578125), (0.09519002586603165, 4066.35693359375), (0.17124936683103442, 4065.61572265625)]",1.0,model.layers.25.self_attn.k_proj
Sort Columns,0.001070409081876278,0.001070409081876278,6023.6181640625,6093.91162109375,1.1535030601351839,1.992745091440841,"[(0.0, 6093.91162109375), (0.001070409081876278, 6023.6181640625)]",,model.layers.25.self_attn.v_proj
Original Tetris,0.012789877131581306,0.0026909001171588898,6091.599609375,6093.91162109375,0.03793969887497375,0.0016511620521312857,"[(0.0, 6093.91162109375), (0.0026909001171588898, 6091.599609375)]",,model.layers.25.self_attn.v_proj
Random Swaps,0.034257988911122084,0.007154686842113733,6017.61572265625,6023.6181640625,0.09964843791163852,1.9886631604585692,"[(0.0, 6023.6181640625), (0.007154686842113733, 6017.61572265625)]",,model.layers.25.self_attn.v_proj
Our Tetris,0.2287784582003951,0.2286934587173164,6067.1650390625,6093.91162109375,0.4389066283578536,1.118487384931336,"[(0.0, 6093.91162109375), (0.003939757123589516, 6091.6201171875), (0.008081709034740925, 6085.2099609375), (0.026965362019836903, 6084.72265625), (0.03788366308435798, 6084.72265625), (0.05736740492284298, 6076.31103515625), (0.17119956808164716, 6072.1552734375), (0.20978948194533587, 6071.90478515625), (0.2286934587173164, 6067.1650390625)]",4.0,model.layers.25.self_attn.v_proj
Sort Columns,0.0010670572519302368,0.0010670572519302368,15413.658203125,15506.673828125,0.5998425325184457,1.9968973924458568,"[(0.0, 15506.673828125), (0.0010670572519302368, 15413.658203125)]",,model.layers.25.self_attn.o_proj
Original Tetris,0.011778553947806358,0.0,15506.673828125,15506.673828125,0.0,0.0,"[(0.0, 15506.673828125)]",,model.layers.25.self_attn.o_proj
Random Swaps,0.03436973690986633,0.0,15413.658203125,15413.658203125,0.0,1.9968973924458568,"[(0.0, 15413.658203125)]",,model.layers.25.self_attn.o_proj
Our Tetris,0.2306492649950087,0.13462692312896252,15491.8837890625,15506.673828125,0.09537853975927955,0.9857033465579794,"[(0.0, 15506.673828125), (0.03870927542448044, 15506.673828125), (0.13462692312896252, 15491.8837890625)]",1.0,model.layers.25.self_attn.o_proj
Sort Columns,0.0010690120980143547,0.0010690120980143547,36332.89453125,36342.54296875,0.02654860312966112,2.004104439632868,"[(0.0, 36342.54296875), (0.0010690120980143547, 36332.89453125)]",,model.layers.25.mlp.gate_proj
Original Tetris,0.01166638731956482,0.0,36342.54296875,36342.54296875,0.0,0.0,"[(0.0, 36342.54296875)]",,model.layers.25.mlp.gate_proj
Random Swaps,0.03450048342347145,0.024450744967907667,36318.2421875,36332.89453125,0.04032803865212965,2.0008765689296535,"[(0.0, 36332.89453125), (0.011057916097342968, 36321.03125), (0.024450744967907667, 36318.2421875)]",,model.layers.25.mlp.gate_proj
Our Tetris,0.2291787271387875,0.22910818504169583,36336.01953125,36342.54296875,0.017949865273900432,1.0647558460050748,"[(0.0, 36342.54296875), (0.038356499280780554, 36342.54296875), (0.07637468026950955, 36340.11328125), (0.17208538437262177, 36338.22265625), (0.22910818504169583, 36336.01953125)]",1.0,model.layers.25.mlp.gate_proj
Sort Columns,0.0010684537701308727,0.0010684537701308727,41657.9296875,41749.70703125,0.21982751563095737,1.9895142923369185,"[(0.0, 41749.70703125), (0.0010684537701308727, 41657.9296875)]",,model.layers.25.mlp.up_proj
Original Tetris,0.011762630194425583,0.0,41749.70703125,41749.70703125,0.0,0.0,"[(0.0, 41749.70703125)]",,model.layers.25.mlp.up_proj
Random Swaps,0.03483768319711089,0.0,41657.9296875,41657.9296875,0.0,1.9895142923369185,"[(0.0, 41657.9296875)]",,model.layers.25.mlp.up_proj
Our Tetris,0.229800536762923,0.17203523684293032,41720.45703125,41749.70703125,0.07006037186825319,1.1920810398146322,"[(0.0, 41749.70703125), (0.03855541115626693, 41749.70703125), (0.057481319177895784, 41734.234375), (0.15257908310741186, 41731.7109375), (0.17203523684293032, 41720.45703125)]",1.0,model.layers.25.mlp.up_proj
Sort Columns,0.0010723648592829704,0.0010723648592829704,40499.171875,40627.4453125,0.3157309954227755,1.99872808406007,"[(0.0, 40627.4453125), (0.0010723648592829704, 40499.171875)]",,model.layers.25.mlp.down_proj
Original Tetris,0.01233254699036479,0.0,40627.4453125,40627.4453125,0.0,0.0,"[(0.0, 40627.4453125)]",,model.layers.25.mlp.down_proj
Random Swaps,0.08164920192211866,0.06518336292356253,40477.640625,40499.171875,0.053164667333089756,2.0015117282531865,"[(0.0, 40499.171875), (0.04909914592280984, 40492.96484375), (0.057486696634441614, 40486.28125), (0.06518336292356253, 40477.640625)]",,model.layers.25.mlp.down_proj
Our Tetris,2.2398693370632827,2.239797888789326,40602.87109375,40627.4453125,0.06048674377869179,1.0437860206333993,"[(0.0, 40627.4453125), (0.37197347497567534, 40627.4453125), (0.7462802547961473, 40616.140625), (1.305553161073476, 40614.5859375), (1.6794494749046862, 40612.734375), (1.8667236231267452, 40605.50390625), (2.239797888789326, 40602.87109375)]",1.0,model.layers.25.mlp.down_proj
Sort Columns,0.0010647517628967762,0.0010647517628967762,11363.908203125,11487.869140625,1.0790594494294168,2.008064677599125,"[(0.0, 11487.869140625), (0.0010647517628967762, 11363.908203125)]",,model.layers.26.self_attn.q_proj
Original Tetris,0.011865926906466484,0.0,11487.869140625,11487.869140625,0.0,0.0,"[(0.0, 11487.869140625)]",,model.layers.26.self_attn.q_proj
Random Swaps,0.0347205582074821,0.0,11363.908203125,11363.908203125,0.0,2.008064677599125,"[(0.0, 11363.908203125)]",,model.layers.26.self_attn.q_proj
Our Tetris,0.2329039266332984,0.09870562888681889,11483.287109375,11487.869140625,0.03988582385393288,1.0609898375029576,"[(0.0, 11487.869140625), (0.04158260300755501, 11487.869140625), (0.07979019824415445, 11486.2490234375), (0.09870562888681889, 11483.287109375)]",1.0,model.layers.26.self_attn.q_proj
Sort Columns,0.0015674796886742115,0.0015674796886742115,3512.2685546875,3533.29345703125,0.5950511215509278,1.9958082160100268,"[(0.0, 3533.29345703125), (0.0015674796886742115, 3512.2685546875)]",,model.layers.26.self_attn.k_proj
Original Tetris,0.011117563117295504,0.0,3533.29345703125,3533.29345703125,0.0,0.0,"[(0.0, 3533.29345703125)]",,model.layers.26.self_attn.k_proj
Random Swaps,0.034683539997786283,0.010978436097502708,3511.580078125,3512.2685546875,0.019602047844011074,1.9976034797943214,"[(0.0, 3512.2685546875), (0.010978436097502708, 3511.580078125)]",,model.layers.26.self_attn.k_proj
Our Tetris,0.23003234434872866,0.1916947029531002,3530.83203125,3533.29345703125,0.06966378001668005,1.0467116903567908,"[(0.0, 3533.29345703125), (0.03799010394141078, 3533.29345703125), (0.11523739900439978, 3531.908935546875), (0.1916947029531002, 3530.83203125)]",1.0,model.layers.26.self_attn.k_proj
Sort Columns,0.0011074962094426155,0.0011074962094426155,6472.7705078125,6596.126953125,1.8701344923941814,1.997819473123412,"[(0.0, 6596.126953125), (0.0011074962094426155, 6472.7705078125)]",,model.layers.26.self_attn.v_proj
Original Tetris,0.01317680487409234,0.004403512924909592,6584.9072265625,6596.126953125,0.17009567344947038,0.015315928190852732,"[(0.0, 6596.126953125), (0.003379899077117443, 6590.64111328125), (0.004403512924909592, 6584.9072265625)]",,model.layers.26.self_attn.v_proj
Random Swaps,0.03465644083917141,0.0,6472.7705078125,6472.7705078125,0.0,1.997819473123412,"[(0.0, 6472.7705078125)]",,model.layers.26.self_attn.v_proj
Our Tetris,0.23101496091112494,0.21186883887276053,6575.48095703125,6596.126953125,0.3130018000027834,1.1362257040432069,"[(0.0, 6596.126953125), (0.003955890890210867, 6590.9287109375), (0.007647357881069183, 6584.53271484375), (0.03848871076479554, 6585.72021484375), (0.05752378283068538, 6583.333984375), (0.09645976684987545, 6583.01025390625), (0.1154562858864665, 6581.64404296875), (0.1537071131169796, 6580.189453125), (0.1920702471397817, 6575.74365234375), (0.21186883887276053, 6575.48095703125)]",3.0,model.layers.26.self_attn.v_proj
Sort Columns,0.0010569989681243896,0.0010569989681243896,16936.546875,17063.986328125,0.7468328365626575,1.997737824884216,"[(0.0, 17063.986328125), (0.0010569989681243896, 16936.546875)]",,model.layers.26.self_attn.o_proj
Original Tetris,0.011756063904613256,0.0,17063.986328125,17063.986328125,0.0,0.0,"[(0.0, 17063.986328125)]",,model.layers.26.self_attn.o_proj
Random Swaps,0.03452052781358361,0.0,16936.546875,16936.546875,0.0,1.997737824884216,"[(0.0, 16936.546875)]",,model.layers.26.self_attn.o_proj
Our Tetris,0.23084126226603985,0.11532142013311386,17053.0859375,17063.986328125,0.06387950866459549,1.0094081718264207,"[(0.0, 17063.986328125), (0.03845365019515157, 17063.986328125), (0.057615975849330425, 17054.62890625), (0.11532142013311386, 17053.0859375)]",1.0,model.layers.26.self_attn.o_proj
Sort Columns,0.0011027459986507893,0.0011027459986507893,35940.33984375,35964.7890625,0.06798098748059354,1.9959416561668293,"[(0.0, 35964.7890625), (0.0011027459986507893, 35940.33984375)]",,model.layers.26.mlp.gate_proj
Original Tetris,0.011831355281174183,0.0,35964.7890625,35964.7890625,0.0,0.0,"[(0.0, 35964.7890625)]",,model.layers.26.mlp.gate_proj
Random Swaps,0.034832026809453964,0.034792983904480934,35929.29296875,35940.33984375,0.030736701567169636,2.0008898595244866,"[(0.0, 35940.33984375), (0.010797403752803802, 35933.9921875), (0.02118923095986247, 35931.1015625), (0.034792983904480934, 35929.29296875)]",,model.layers.26.mlp.gate_proj
Our Tetris,0.23190699191763997,0.07722899597138166,35944.6171875,35964.7890625,0.056087844599741976,1.0974929175136205,"[(0.0, 35964.7890625), (0.038377033080905676, 35964.7890625), (0.057539917062968016, 35957.01953125), (0.07722899597138166, 35944.6171875)]",1.0,model.layers.26.mlp.gate_proj
Sort Columns,0.001097438856959343,0.001097438856959343,41775.3671875,41839.1640625,0.15248123720803605,1.993896351722016,"[(0.0, 41839.1640625), (0.001097438856959343, 41775.3671875)]",,model.layers.26.mlp.up_proj
Original Tetris,0.011819690931588411,0.0,41839.1640625,41839.1640625,0.0,0.0,"[(0.0, 41839.1640625)]",,model.layers.26.mlp.up_proj
Random Swaps,0.034658048301935196,0.0038829059340059757,41769.16796875,41775.3671875,0.01483941175711539,1.9960302555693028,"[(0.0, 41775.3671875), (0.0038829059340059757, 41769.16796875)]",,model.layers.26.mlp.up_proj
Our Tetris,0.23052075412124395,0.21127964602783322,41833.34375,41839.1640625,0.013911158672543089,1.0452385160745499,"[(0.0, 41839.1640625), (0.03806867729872465, 41839.1640625), (0.21127964602783322, 41833.34375)]",1.0,model.layers.26.mlp.up_proj
Sort Columns,0.0010616788640618324,0.0010616788640618324,40465.5,40570.90625,0.2598074821165722,1.996205999927097,"[(0.0, 40570.90625), (0.0010616788640618324, 40465.5)]",,model.layers.26.mlp.down_proj
Original Tetris,0.012324094772338867,0.0,40570.90625,40570.90625,0.0,0.0,"[(0.0, 40570.90625)]",,model.layers.26.mlp.down_proj
Random Swaps,0.08171799685806036,0.08167560212314129,40444.12109375,40465.5,0.052832428241341385,1.994777445856412,"[(0.0, 40465.5), (0.01679109502583742, 40464.01953125), (0.04943446069955826, 40462.87890625), (0.05760130798444152, 40460.796875), (0.06543151382356882, 40452.625), (0.08167560212314129, 40444.12109375)]",,model.layers.26.mlp.down_proj
Our Tetris,2.2375512588769197,1.8619474302977324,40537.59375,40570.90625,0.08210933173325405,1.043439738624943,"[(0.0, 40570.90625), (0.3695752159692347, 40570.90625), (0.9317412860691547, 40568.5859375), (1.3051245361566544, 40557.1796875), (1.4910602890886366, 40550.8046875), (1.6764809512533247, 40547.8515625), (1.8619474302977324, 40537.59375)]",1.0,model.layers.26.mlp.down_proj
Sort Columns,0.001061749178916216,0.001061749178916216,11991.619140625,12071.01171875,0.6577127085518347,1.9918187297122076,"[(0.0, 12071.01171875), (0.001061749178916216, 11991.619140625)]",,model.layers.27.self_attn.q_proj
Original Tetris,0.011708083096891642,0.0,12071.01171875,12071.01171875,0.0,0.0,"[(0.0, 12071.01171875)]",,model.layers.27.self_attn.q_proj
Random Swaps,0.03435702668502927,0.0040082731284201145,11984.087890625,11991.619140625,0.06280427948621017,1.991491214500395,"[(0.0, 11991.619140625), (0.0040082731284201145, 11984.087890625)]",,model.layers.27.self_attn.q_proj
Our Tetris,0.23248326405882835,0.2324094409123063,12045.107421875,12071.01171875,0.21459921900964316,1.2154633236802348,"[(0.0, 12071.01171875), (0.041299112141132355, 12071.01171875), (0.06037755589932203, 12063.029296875), (0.09837373718619347, 12060.744140625), (0.13631243724375963, 12053.71875), (0.1553646200336516, 12051.41015625), (0.175141841173172, 12050.93359375), (0.21335900388658047, 12048.4365234375), (0.2324094409123063, 12045.107421875)]",1.0,model.layers.27.self_attn.q_proj
Sort Columns,0.0010700603015720844,0.0010700603015720844,3589.365234375,3604.9189453125,0.43145799318801864,1.9955779877234772,"[(0.0, 3604.9189453125), (0.0010700603015720844, 3589.365234375)]",,model.layers.27.self_attn.k_proj
Original Tetris,0.011608556844294071,0.0,3604.9189453125,3604.9189453125,0.0,0.0,"[(0.0, 3604.9189453125)]",,model.layers.27.self_attn.k_proj
Random Swaps,0.03488280205056071,0.02820528019219637,3585.28515625,3589.365234375,0.11367130003727373,1.9908749821181413,"[(0.0, 3589.365234375), (0.014726683963090181, 3588.8359375), (0.017918985337018967, 3588.04052734375), (0.02820528019219637, 3585.28515625)]",,model.layers.27.self_attn.k_proj
Our Tetris,0.230626427102834,0.17309265583753586,3596.662353515625,3604.9189453125,0.22903682224564578,1.1433125327322435,"[(0.0, 3604.9189453125), (0.03837374970316887, 3604.9189453125), (0.057448981795459986, 3602.702880859375), (0.09547903575003147, 3601.03759765625), (0.17309265583753586, 3596.662353515625)]",1.0,model.layers.27.self_attn.k_proj
Sort Columns,0.0010531581938266754,0.0010531581938266754,6126.3232421875,6202.5244140625,1.2285509381024768,2.00465090496587,"[(0.0, 6202.5244140625), (0.0010531581938266754, 6126.3232421875)]",,model.layers.27.self_attn.v_proj
Original Tetris,0.01372926076874137,0.005314400885254145,6197.56884765625,6202.5244140625,0.07989595970012839,0.0019496188796958005,"[(0.0, 6202.5244140625), (0.004278005100786686, 6200.4541015625), (0.005314400885254145, 6197.56884765625)]",,model.layers.27.self_attn.v_proj
Random Swaps,0.03456410998478532,0.017365760635584593,6124.3681640625,6126.3232421875,0.03191274844162334,2.0045496143359265,"[(0.0, 6126.3232421875), (0.017365760635584593, 6124.3681640625)]",,model.layers.27.self_attn.v_proj
Our Tetris,0.22972769057378173,0.22965498408302665,6188.97509765625,6202.5244140625,0.21844841715625807,1.2019166962271113,"[(0.0, 6202.5244140625), (0.0044643459841609, 6201.3916015625), (0.008103848900645971, 6201.1298828125), (0.038346860092133284, 6201.1298828125), (0.07680868217721581, 6193.5234375), (0.09585171611979604, 6193.42333984375), (0.11489754403010011, 6191.27734375), (0.22965498408302665, 6188.97509765625)]",3.0,model.layers.27.self_attn.v_proj
Sort Columns,0.0013923849910497665,0.0013923849910497665,14530.20703125,14655.7001953125,0.8562754586276123,1.9933062923163993,"[(0.0, 14655.7001953125), (0.0013923849910497665, 14530.20703125)]",,model.layers.27.self_attn.o_proj
Original Tetris,0.011151295620948076,0.0,14655.7001953125,14655.7001953125,0.0,0.0,"[(0.0, 14655.7001953125)]",,model.layers.27.self_attn.o_proj
Random Swaps,0.034573608078062534,0.0,14530.20703125,14530.20703125,0.0,1.9933062923163993,"[(0.0, 14530.20703125)]",,model.layers.27.self_attn.o_proj
Our Tetris,0.2301042820326984,0.2300327643752098,14648.4384765625,14655.7001953125,0.04954876705462764,1.1674530004883252,"[(0.0, 14655.7001953125), (0.0379567202180624, 14655.7001953125), (0.05711967311799526, 14654.236328125), (0.2300327643752098, 14648.4384765625)]",1.0,model.layers.27.self_attn.o_proj
Sort Columns,0.001162113156169653,0.001162113156169653,35456.51953125,35539.8671875,0.23451876117115836,1.9997113664312685,"[(0.0, 35539.8671875), (0.001162113156169653, 35456.51953125)]",,model.layers.27.mlp.gate_proj
Original Tetris,0.011143055278807878,0.0,35539.8671875,35539.8671875,0.0,0.0,"[(0.0, 35539.8671875)]",,model.layers.27.mlp.gate_proj
Random Swaps,0.034866948146373034,0.030822565779089928,35442.9453125,35456.51953125,0.03828412638763433,1.9995740071625212,"[(0.0, 35456.51953125), (0.004381652921438217, 35447.46875), (0.030822565779089928, 35442.9453125)]",,model.layers.27.mlp.gate_proj
Our Tetris,0.23241586610674858,0.09607318788766861,35532.6796875,35539.8671875,0.02022376719102645,1.0981933467413614,"[(0.0, 35539.8671875), (0.03870054380968213, 35539.8671875), (0.07689633499830961, 35538.625), (0.09607318788766861, 35532.6796875)]",1.0,model.layers.27.mlp.gate_proj
Sort Columns,0.0011000228114426136,0.0011000228114426136,42326.421875,42460.65234375,0.3161290779597692,1.9958138174443774,"[(0.0, 42460.65234375), (0.0011000228114426136, 42326.421875)]",,model.layers.27.mlp.up_proj
Original Tetris,0.012090681120753288,0.0,42460.65234375,42460.65234375,0.0,0.0,"[(0.0, 42460.65234375)]",,model.layers.27.mlp.up_proj
Random Swaps,0.034713432658463717,0.020921105053275824,42324.734375,42326.421875,0.003986871380206882,1.9960078388549811,"[(0.0, 42326.421875), (0.020921105053275824, 42324.734375)]",,model.layers.27.mlp.up_proj
Our Tetris,0.2359186178073287,0.19760912330821157,42384.69921875,42460.65234375,0.1788788461964832,1.156172220813915,"[(0.0, 42460.65234375), (0.038754602428525686, 42460.65234375), (0.057783668395131826, 42456.40234375), (0.12027473421767354, 42440.6015625), (0.13938523642718792, 42433.30078125), (0.15867586340755224, 42412.125), (0.1785345203243196, 42386.9921875), (0.19760912330821157, 42384.69921875)]",1.0,model.layers.27.mlp.up_proj
Sort Columns,0.001070409081876278,0.001070409081876278,40407.671875,40502.203125,0.23339779741919903,1.9990196003838994,"[(0.0, 40502.203125), (0.001070409081876278, 40407.671875)]",,model.layers.27.mlp.down_proj
Original Tetris,0.012906583957374096,0.0,40502.203125,40502.203125,0.0,0.0,"[(0.0, 40502.203125)]",,model.layers.27.mlp.down_proj
Random Swaps,0.0835920162498951,0.05090150563046336,40385.421875,40407.671875,0.05506380092579882,1.9985474434069213,"[(0.0, 40407.671875), (0.017959982622414827, 40402.87890625), (0.026577665004879236, 40386.0859375), (0.05090150563046336, 40385.421875)]",,model.layers.27.mlp.down_proj
Our Tetris,2.2154451347887516,1.8469102261587977,40473.93359375,40502.203125,0.06979751487284064,1.1366899882938981,"[(0.0, 40502.203125), (0.3718963689170778, 40502.203125), (0.7392124528996646, 40493.9609375), (0.9229899952188134, 40491.5078125), (1.106470637023449, 40483.6328125), (1.6636748020537198, 40483.546875), (1.8469102261587977, 40473.93359375)]",1.0,model.layers.27.mlp.down_proj
Sort Columns,0.0010646823793649673,0.0010646823793649673,10661.259765625,10737.029296875,0.7056843113211271,2.0107800705384817,"[(0.0, 10737.029296875), (0.0010646823793649673, 10661.259765625)]",,model.layers.28.self_attn.q_proj
Original Tetris,0.01176786795258522,0.0,10737.029296875,10737.029296875,0.0,0.0,"[(0.0, 10737.029296875)]",,model.layers.28.self_attn.q_proj
Random Swaps,0.034817010164260864,0.017427152954041958,10659.642578125,10661.259765625,0.015168821842370658,2.008387179927935,"[(0.0, 10661.259765625), (0.017427152954041958, 10659.642578125)]",,model.layers.28.self_attn.q_proj
Our Tetris,0.23414147133007646,0.19586675660684705,10724.373046875,10737.029296875,0.11787478314587059,1.0122190828371527,"[(0.0, 10737.029296875), (0.04129338497295976, 10737.029296875), (0.0609615808352828, 10731.00390625), (0.08023418765515089, 10730.7138671875), (0.19586675660684705, 10724.373046875)]",1.0,model.layers.28.self_attn.q_proj
Sort Columns,0.0010588858276605606,0.0010588858276605606,3143.361328125,3169.72265625,0.831660400099082,1.9698757559010605,"[(0.0, 3169.72265625), (0.0010588858276605606, 3143.361328125)]",,model.layers.28.self_attn.k_proj
Original Tetris,0.011788052972406149,0.0,3169.72265625,3169.72265625,0.0,0.0,"[(0.0, 3169.72265625)]",,model.layers.28.self_attn.k_proj
Random Swaps,0.03486576024442911,0.02095700427889824,3141.00732421875,3143.361328125,0.07488811054547624,1.9643868343860618,"[(0.0, 3143.361328125), (0.02095700427889824, 3141.00732421875)]",,model.layers.28.self_attn.k_proj
Our Tetris,0.23141634790226817,0.2122257361188531,3154.438720703125,3169.72265625,0.4821852636456511,1.1135188590371206,"[(0.0, 3169.72265625), (0.039048152044415474, 3169.72265625), (0.09682804811745882, 3164.478271484375), (0.15518798818811774, 3162.29248046875), (0.17420657817274332, 3160.92236328125), (0.19329228485003114, 3155.309814453125), (0.2122257361188531, 3154.438720703125)]",1.0,model.layers.28.self_attn.k_proj
Sort Columns,0.0011357120238244534,0.0011357120238244534,6752.451171875,6883.919921875,1.9097948769309818,1.9972361013400035,"[(0.0, 6883.919921875), (0.0011357120238244534, 6752.451171875)]",,model.layers.28.self_attn.v_proj
Original Tetris,0.012528665363788605,0.00413866899907589,6872.5078125,6883.919921875,0.16577922905139836,0.0027932770342525143,"[(0.0, 6883.919921875), (0.0031145657412707806, 6878.021484375), (0.00413866899907589, 6872.5078125)]",,model.layers.28.self_attn.v_proj
Random Swaps,0.03551906906068325,0.010999527759850025,6749.59912109375,6752.451171875,0.04223726627049495,1.9941563095995354,"[(0.0, 6752.451171875), (0.010999527759850025, 6749.59912109375)]",,model.layers.28.self_attn.v_proj
Our Tetris,0.23017426393926144,0.23008835781365633,6860.12890625,6883.919921875,0.34560273644961215,1.1457047438674133,"[(0.0, 6883.919921875), (0.004091106820851564, 6878.591796875), (0.007838097866624594, 6871.65185546875), (0.038301183842122555, 6871.65185546875), (0.057543967850506306, 6870.42626953125), (0.11552515113726258, 6865.0048828125), (0.1346709239296615, 6864.1162109375), (0.1728475079871714, 6862.451171875), (0.2110338001511991, 6861.68896484375), (0.23008835781365633, 6860.12890625)]",3.0,model.layers.28.self_attn.v_proj
Sort Columns,0.0011204169131815434,0.0011204169131815434,16088.734375,16162.8994140625,0.45885974516411854,2.005184773657909,"[(0.0, 16162.8994140625), (0.0011204169131815434, 16088.734375)]",,model.layers.28.self_attn.o_proj
Original Tetris,0.011138166300952435,0.0,16162.8994140625,16162.8994140625,0.0,0.0,"[(0.0, 16162.8994140625)]",,model.layers.28.self_attn.o_proj
Random Swaps,0.0349116469733417,0.0,16088.734375,16088.734375,0.0,2.005184773657909,"[(0.0, 16088.734375)]",,model.layers.28.self_attn.o_proj
Our Tetris,0.2310381499119103,0.23095412831753492,16160.9052734375,16162.8994140625,0.012337765483246168,1.0435829319375665,"[(0.0, 16162.8994140625), (0.038317736238241196, 16162.8994140625), (0.15393361309543252, 16162.1416015625), (0.23095412831753492, 16160.9052734375)]",1.0,model.layers.28.self_attn.o_proj
Sort Columns,0.0010841679759323597,0.0010841679759323597,35404.58984375,35493.51953125,0.2505518998241426,1.9960865379975403,"[(0.0, 35493.51953125), (0.0010841679759323597, 35404.58984375)]",,model.layers.28.mlp.gate_proj
Original Tetris,0.01181962201371789,0.0,35493.51953125,35493.51953125,0.0,0.0,"[(0.0, 35493.51953125)]",,model.layers.28.mlp.gate_proj
Random Swaps,0.03509393613785505,0.021239099092781544,35389.6796875,35404.58984375,0.0421136251423969,1.9936942495539127,"[(0.0, 35404.58984375), (0.0039588953368365765, 35392.578125), (0.021239099092781544, 35389.6796875)]",,model.layers.28.mlp.gate_proj
Our Tetris,0.23270766995847225,0.1944447597488761,35464.20703125,35493.51953125,0.08258549838708452,1.0764143901596095,"[(0.0, 35493.51953125), (0.038590751588344574, 35493.51953125), (0.0579047747887671, 35488.03515625), (0.07788942893967032, 35485.9140625), (0.09711740585044026, 35481.30078125), (0.11627679783850908, 35468.8515625), (0.1944447597488761, 35464.20703125)]",1.0,model.layers.28.mlp.gate_proj
Sort Columns,0.001061330083757639,0.001061330083757639,42647.078125,42826.5,0.4189505913394744,2.0037753845190927,"[(0.0, 42826.5), (0.001061330083757639, 42647.078125)]",,model.layers.28.mlp.up_proj
Original Tetris,0.011791335884481668,0.0,42826.5,42826.5,0.0,0.0,"[(0.0, 42826.5)]",,model.layers.28.mlp.up_proj
Random Swaps,0.034624454099684954,0.0,42647.078125,42647.078125,0.0,2.0037753845190927,"[(0.0, 42647.078125)]",,model.layers.28.mlp.up_proj
Our Tetris,0.2315800585784018,0.19251193292438984,42774.16015625,42826.5,0.12221368486801396,1.0727886736596073,"[(0.0, 42826.5), (0.03809668496251106, 42826.5), (0.05762784881517291, 42807.7734375), (0.07758638169616461, 42806.78125), (0.09654469601809978, 42794.06640625), (0.15395198203623295, 42788.08984375), (0.17351220082491636, 42780.6484375), (0.19251193292438984, 42774.16015625)]",1.0,model.layers.28.mlp.up_proj
Sort Columns,0.0011695860885083675,0.0011695860885083675,39931.82421875,40094.7421875,0.4063325011247773,2.0010565466267605,"[(0.0, 40094.7421875), (0.0011695860885083675, 39931.82421875)]",,model.layers.28.mlp.down_proj
Original Tetris,0.012270316015928984,0.0,40094.7421875,40094.7421875,0.0,0.0,"[(0.0, 40094.7421875)]",,model.layers.28.mlp.down_proj
Random Swaps,0.08152425289154053,0.04917143424972892,39918.82421875,39931.82421875,0.03255548739467767,2.001401307512271,"[(0.0, 39931.82421875), (0.04917143424972892, 39918.82421875)]",,model.layers.28.mlp.down_proj
Our Tetris,2.2895768168382347,2.289503064006567,40076.16796875,40094.7421875,0.04632582163301882,1.0786368939336743,"[(0.0, 40094.7421875), (0.386206790804863, 40094.7421875), (0.5819300217553973, 40090.90234375), (0.9624756420962512, 40090.1484375), (1.154456699732691, 40088.671875), (1.3440304198302329, 40084.328125), (1.91616528108716, 40080.140625), (2.289503064006567, 40076.16796875)]",1.0,model.layers.28.mlp.down_proj
Sort Columns,0.0011139223352074623,0.0011139223352074623,10452.0712890625,10465.1953125,0.12540638798995182,1.991166873379786,"[(0.0, 10465.1953125), (0.0011139223352074623, 10452.0712890625)]",,model.layers.29.self_attn.q_proj
Original Tetris,0.011444286908954382,0.0,10465.1953125,10465.1953125,0.0,0.0,"[(0.0, 10465.1953125)]",,model.layers.29.self_attn.q_proj
Random Swaps,0.03402485512197018,0.033980363979935646,10439.9267578125,10452.0712890625,0.11619257957710798,1.991354245958448,"[(0.0, 10452.0712890625), (0.01096502598375082, 10446.5625), (0.017363106831908226, 10444.337890625), (0.033980363979935646, 10439.9267578125)]",,model.layers.29.self_attn.q_proj
Our Tetris,0.24970130901783705,0.24962518084794283,10451.5986328125,10465.1953125,0.12992284693683304,1.1611313684053635,"[(0.0, 10465.1953125), (0.041410022880882025, 10465.1953125), (0.1257574576884508, 10460.521484375), (0.15157041512429714, 10459.130859375), (0.20974338706582785, 10456.880859375), (0.24962518084794283, 10451.5986328125)]",1.0,model.layers.29.self_attn.q_proj
Sort Columns,0.001159947831183672,0.001159947831183672,3147.580322265625,3161.3583984375,0.4358277181949636,1.9836131334850868,"[(0.0, 3161.3583984375), (0.001159947831183672, 3147.580322265625)]",,model.layers.29.self_attn.k_proj
Original Tetris,0.011626577004790306,0.0,3161.3583984375,3161.3583984375,0.0,0.0,"[(0.0, 3161.3583984375)]",,model.layers.29.self_attn.k_proj
Random Swaps,0.03907657694071531,0.030447440687566996,3144.6904296875,3147.580322265625,0.09181314794994203,1.979933512873831,"[(0.0, 3147.580322265625), (0.015585051849484444, 3146.8369140625), (0.030447440687566996, 3144.6904296875)]",,model.layers.29.self_attn.k_proj
Our Tetris,0.24955694423988461,0.2299686479382217,3151.9990234375,3161.3583984375,0.29605548692694467,1.1447756944890755,"[(0.0, 3161.3583984375), (0.04498890275135636, 3161.3583984375), (0.06590204499661922, 3160.4560546875), (0.08654936589300632, 3158.244384765625), (0.16961029870435596, 3158.06396484375), (0.19071795279160142, 3155.970703125), (0.21056571509689093, 3153.5595703125), (0.2299686479382217, 3151.9990234375)]",1.0,model.layers.29.self_attn.k_proj
Sort Columns,0.0011402522213757038,0.0011402522213757038,6705.13623046875,6819.9560546875,1.6835859835171798,2.0035637103625215,"[(0.0, 6819.9560546875), (0.0011402522213757038, 6705.13623046875)]",,model.layers.29.self_attn.v_proj
Original Tetris,0.012081042863428593,0.0,6819.9560546875,6819.9560546875,0.0,0.0,"[(0.0, 6819.9560546875)]",,model.layers.29.self_attn.v_proj
Random Swaps,0.0353634599596262,0.007312181871384382,6705.0849609375,6705.13623046875,0.0007646307172257974,1.998784923682231,"[(0.0, 6705.13623046875), (0.007312181871384382, 6705.0849609375)]",,model.layers.29.self_attn.v_proj
Our Tetris,0.23283359594643116,0.23275649035349488,6800.2373046875,6819.9560546875,0.28913309472788884,1.0810550474075538,"[(0.0, 6819.9560546875), (0.012055969331413507, 6813.35791015625), (0.03854339802637696, 6813.35791015625), (0.07797310035675764, 6813.0283203125), (0.11666037421673536, 6805.12646484375), (0.17491946229711175, 6801.9541015625), (0.23275649035349488, 6800.2373046875)]",2.0,model.layers.29.self_attn.v_proj
Sort Columns,0.001157504040747881,0.001157504040747881,15989.080078125,16000.90625,0.07390938794482343,2.005733674527845,"[(0.0, 16000.90625), (0.001157504040747881, 15989.080078125)]",,model.layers.29.self_attn.o_proj
Original Tetris,0.012059810105711222,0.0,16000.90625,16000.90625,0.0,0.0,"[(0.0, 16000.90625)]",,model.layers.29.self_attn.o_proj
Random Swaps,0.036502035800367594,0.0,15989.080078125,15989.080078125,0.0,2.005733674527845,"[(0.0, 15989.080078125)]",,model.layers.29.self_attn.o_proj
Our Tetris,0.23579380987212062,0.09800832020118833,15997.279296875,16000.90625,0.02266717314839589,1.0569676692208998,"[(0.0, 16000.90625), (0.03911094041541219, 16000.90625), (0.09800832020118833, 15997.279296875)]",1.0,model.layers.29.self_attn.o_proj
Sort Columns,0.0011605070903897285,0.0011605070903897285,34233.6328125,34382.30078125,0.43239680117938584,1.9965751523858546,"[(0.0, 34382.30078125), (0.0011605070903897285, 34233.6328125)]",,model.layers.29.mlp.gate_proj
Original Tetris,0.012270316015928984,0.0,34382.30078125,34382.30078125,0.0,0.0,"[(0.0, 34382.30078125)]",,model.layers.29.mlp.gate_proj
Random Swaps,0.0354571882635355,0.014754971023648977,34221.0703125,34233.6328125,0.03669636836033643,1.9945231358330087,"[(0.0, 34233.6328125), (0.0041291010566055775, 34223.96484375), (0.014754971023648977, 34221.0703125)]",,model.layers.29.mlp.gate_proj
Our Tetris,0.23664086172357202,0.2171626379713416,34332.5859375,34382.30078125,0.1445942901445136,1.2098886924525403,"[(0.0, 34382.30078125), (0.03895295597612858, 34382.30078125), (0.05951842200011015, 34370.546875), (0.07915295334532857, 34370.39453125), (0.09866973105818033, 34346.53125), (0.1377143901772797, 34343.0), (0.19672812800854445, 34337.203125), (0.2171626379713416, 34332.5859375)]",1.0,model.layers.29.mlp.gate_proj
Sort Columns,0.0010994640178978443,0.0010994640178978443,42439.328125,42645.765625,0.48407502356806376,1.9993555692766882,"[(0.0, 42645.765625), (0.0010994640178978443, 42439.328125)]",,model.layers.29.mlp.up_proj
Original Tetris,0.01152802910655737,0.0,42645.765625,42645.765625,0.0,0.0,"[(0.0, 42645.765625)]",,model.layers.29.mlp.up_proj
Random Swaps,0.03580325888469815,0.03576044598594308,42413.5390625,42439.328125,0.060766896271405094,2.000126804849264,"[(0.0, 42439.328125), (0.011169665958732367, 42418.17578125), (0.03576044598594308, 42413.5390625)]",,model.layers.29.mlp.up_proj
Our Tetris,0.237437698058784,0.17599371215328574,42615.3359375,42645.765625,0.07135453439288558,1.0653233831996294,"[(0.0, 42645.765625), (0.03870990313589573, 42645.765625), (0.05821278132498264, 42644.1875), (0.07752701500430703, 42634.765625), (0.11677491618320346, 42627.97265625), (0.15604432905092835, 42625.2890625), (0.17599371215328574, 42615.3359375)]",1.0,model.layers.29.mlp.up_proj
Sort Columns,0.0010921312496066093,0.0010921312496066093,34568.0234375,35178.9296875,1.7365686091838977,1.998163419453614,"[(0.0, 35178.9296875), (0.0010921312496066093, 34568.0234375)]",,model.layers.29.mlp.down_proj
Original Tetris,0.012683227192610502,0.0,35178.9296875,35178.9296875,0.0,0.0,"[(0.0, 35178.9296875)]",,model.layers.29.mlp.down_proj
Random Swaps,0.08460375713184476,0.0,34568.0234375,34568.0234375,0.0,1.998163419453614,"[(0.0, 34568.0234375)]",,model.layers.29.mlp.down_proj
Our Tetris,2.206249436363578,2.022881800774485,35174.80859375,35178.9296875,0.011714664961692491,1.1098404715301389,"[(0.0, 35178.9296875), (0.37095614708960056, 35178.9296875), (1.4736336967907846, 35178.6875), (1.6567955068312585, 35178.2578125), (2.022881800774485, 35174.80859375)]",1.0,model.layers.29.mlp.down_proj
